# Ingroup taxa: ['Achipteria_coleoptrata', 'Nothurs_palustris', 'Platynothrus_peltifer', 'Hermannia_gibba', 'Steganacarus_magnus', 'Hypochthonius_rufulus']
# Outgroup taxa ['Brevipalpus_yothersi', 'Tetranychus_urticae']
# tables included: ['../../data/checkpoints/BUSCO_results/Nothurs_palustris/full_table_N_palustris.N_palustris.GEYJ01.1.tsv', '../../data/checkpoints/BUSCO_results/Hypochthonius_rufulus/full_table_H_rufulus.H_rufulus.GEYP01.1.tsv', '../../data/checkpoints/BUSCO_results/Tetranychus_urticae/full_table_T_urticae.T_urticae.GCF_000239435.1_ASM23943v1.tsv', '../../data/checkpoints/BUSCO_results/Achipteria_coleoptrata/full_table_A_coleoptrata.A_coleoptrata.GEXX01.1.tsv', '../../data/checkpoints/BUSCO_results/Brevipalpus_yothersi/full_table_B_yothersi.B_yothersi.GCA_003956705.1_VIB_BreviYothersi_1.0.tsv', '../../data/checkpoints/BUSCO_results/Steganacarus_magnus/full_table_S_magnus.S_magnus.GEYQ01.1.tsv', '../../data/checkpoints/BUSCO_results/Platynothrus_peltifer/full_table_P_peltifer.P_peltifer.GEYZ01.1.tsv', '../../data/checkpoints/BUSCO_results/Hermannia_gibba/full_table_H_gibba.H_gibba.GEYB01.1.tsv']
# maximum number of ingroup samples with missing data: 1
# maximum number of outgroup samples with missing data: 1
# maximum average number of paralogs: 2
# maximum median number of paralogs: 2
#
# found BUSCO table for taxon Nothurs_palustris -> ingroup
# found BUSCO table for taxon Hypochthonius_rufulus -> ingroup
# found BUSCO table for taxon Tetranychus_urticae -> outgroup
# found BUSCO table for taxon Achipteria_coleoptrata -> ingroup
# found BUSCO table for taxon Brevipalpus_yothersi -> outgroup
# found BUSCO table for taxon Steganacarus_magnus -> ingroup
# found BUSCO table for taxon Platynothrus_peltifer -> ingroup
# found BUSCO table for taxon Hermannia_gibba -> ingroup
## BUSCO ID	n ingroup	n outgroup	paralog counts(sorted)	avg. paralogs	median paralogs
EOG090X0007	6	2	[1, 1, 2, 3, 3, 3, 3, 3]	2.375000	3.000000	fail (average) (median)
EOG090X005G	6	2	[1, 1, 1, 1, 1, 1, 1, 1]	1.000000	1.000000	pass
EOG090X005Q	5	2	[1, 1, 1, 2, 3, 3, 3]	2.000000	2.000000	pass
EOG090X0064	6	2	[1, 1, 1, 1, 1, 1, 2, 2]	1.250000	1.000000	pass
EOG090X00BV	6	2	[1, 1, 1, 1, 1, 1, 2, 2]	1.250000	1.000000	pass
EOG090X00BY	6	2	[1, 1, 1, 1, 1, 1, 1, 3]	1.250000	1.000000	pass
EOG090X00DN	6	2	[1, 1, 1, 1, 1, 3, 3, 3]	1.750000	1.000000	pass
EOG090X00E0	5	2	[1, 1, 1, 1, 1, 1, 3]	1.285714	1.000000	pass
EOG090X00FC	6	2	[1, 1, 1, 2, 2, 3, 3, 3]	2.000000	2.000000	pass
EOG090X00GC	6	2	[1, 1, 1, 2, 2, 3, 3, 3]	2.000000	2.000000	pass
EOG090X00GO	6	2	[1, 1, 1, 1, 1, 1, 2, 2]	1.250000	1.000000	pass
EOG090X00HD	6	2	[1, 1, 1, 1, 1, 1, 1, 2]	1.125000	1.000000	pass
EOG090X00HY	6	2	[1, 1, 1, 1, 1, 1, 1, 2]	1.125000	1.000000	pass
EOG090X00I4	6	2	[1, 1, 1, 1, 1, 1, 2, 3]	1.375000	1.000000	pass
EOG090X00J5	6	2	[1, 1, 1, 1, 1, 1, 2, 2]	1.250000	1.000000	pass
EOG090X00JH	6	2	[1, 1, 2, 2, 2, 2, 3, 3]	2.000000	2.000000	pass
EOG090X00LI	6	2	[1, 1, 1, 1, 1, 1, 2, 3]	1.375000	1.000000	pass
EOG090X00M6	6	2	[1, 1, 1, 1, 1, 1, 1, 1]	1.000000	1.000000	pass
EOG090X00MP	6	2	[1, 1, 1, 1, 1, 2, 3, 3]	1.625000	1.000000	pass
EOG090X00NX	6	2	[1, 1, 1, 1, 2, 2, 3, 3]	1.750000	1.500000	pass
EOG090X00PD	4	2	[1, 1, 1, 1, 2, 2]	1.333333	1.000000	fail (count)
EOG090X00QE	6	2	[1, 1, 1, 1, 1, 1, 1, 2]	1.125000	1.000000	pass
EOG090X00QS	5	0	[1, 2, 2, 2, 2]	1.800000	2.000000	fail (count)
EOG090X00RF	6	2	[1, 1, 1, 1, 1, 1, 2, 3]	1.375000	1.000000	pass
EOG090X00RJ	6	2	[1, 1, 1, 1, 1, 1, 2, 3]	1.375000	1.000000	pass
EOG090X00SQ	6	2	[1, 1, 1, 1, 1, 1, 2, 2]	1.250000	1.000000	pass
EOG090X00ST	6	2	[1, 2, 2, 2, 2, 3, 3, 3]	2.250000	2.000000	fail (average)
EOG090X00TB	6	2	[1, 1, 1, 1, 1, 2, 3, 3]	1.625000	1.000000	pass
EOG090X00U2	4	1	[1, 1, 1, 1, 1]	1.000000	1.000000	fail (count)
EOG090X00U8	6	2	[1, 1, 1, 1, 1, 1, 1, 2]	1.125000	1.000000	pass
EOG090X00V6	6	2	[1, 2, 2, 3, 3, 3, 3, 3]	2.500000	3.000000	fail (average) (median)
EOG090X00WU	6	2	[1, 1, 1, 1, 1, 1, 2, 2]	1.250000	1.000000	pass
EOG090X00X3	6	2	[1, 1, 1, 1, 1, 2, 2, 2]	1.375000	1.000000	pass
EOG090X0109	6	2	[1, 1, 1, 1, 1, 1, 1, 2]	1.125000	1.000000	pass
EOG090X010S	5	2	[1, 1, 1, 1, 2, 3, 3]	1.714286	1.000000	pass
EOG090X0131	6	2	[1, 1, 1, 1, 1, 2, 3, 3]	1.625000	1.000000	pass
EOG090X013U	5	2	[1, 1, 1, 1, 1, 1, 2]	1.142857	1.000000	pass
EOG090X0141	5	2	[1, 1, 1, 1, 2, 3, 3]	1.714286	1.000000	pass
EOG090X0143	6	2	[1, 1, 1, 1, 2, 2, 2, 2]	1.500000	1.500000	pass
EOG090X014A	6	2	[1, 1, 1, 1, 1, 2, 2, 3]	1.500000	1.000000	pass
EOG090X014D	5	0	[1, 1, 1, 1, 2]	1.200000	1.000000	fail (count)
EOG090X014G	6	2	[1, 1, 1, 1, 1, 1, 1, 1]	1.000000	1.000000	pass
EOG090X0154	6	2	[1, 1, 1, 1, 1, 1, 1, 1]	1.000000	1.000000	pass
EOG090X015P	6	2	[1, 1, 1, 1, 1, 1, 2, 3]	1.375000	1.000000	pass
EOG090X017M	6	2	[1, 1, 1, 1, 1, 1, 1, 2]	1.125000	1.000000	pass
EOG090X017N	4	2	[1, 1, 1, 1, 2, 3]	1.500000	1.000000	fail (count)
EOG090X017X	6	2	[1, 1, 1, 1, 1, 1, 1, 2]	1.125000	1.000000	pass
EOG090X0181	6	2	[1, 1, 1, 1, 1, 1, 1, 3]	1.250000	1.000000	pass
EOG090X018J	6	2	[1, 1, 1, 1, 1, 1, 2, 2]	1.250000	1.000000	pass
EOG090X019S	5	2	[1, 1, 1, 1, 3, 3, 3]	1.857143	1.000000	pass
EOG090X01A3	6	2	[1, 1, 1, 1, 1, 1, 1, 2]	1.125000	1.000000	pass
EOG090X01AN	5	2	[1, 1, 1, 2, 3, 3, 3]	2.000000	2.000000	pass
EOG090X01B4	5	2	[1, 1, 1, 1, 1, 2, 3]	1.428571	1.000000	pass
EOG090X01BP	6	2	[1, 1, 1, 1, 1, 1, 2, 2]	1.250000	1.000000	pass
EOG090X01BU	6	2	[1, 1, 1, 1, 1, 1, 1, 2]	1.125000	1.000000	pass
EOG090X01EL	6	2	[1, 1, 1, 1, 1, 2, 3, 3]	1.625000	1.000000	pass
EOG090X01EZ	6	2	[1, 1, 1, 1, 1, 1, 1, 1]	1.000000	1.000000	pass
EOG090X01F7	6	2	[1, 1, 1, 1, 1, 1, 1, 2]	1.125000	1.000000	pass
EOG090X01FD	5	2	[1, 1, 1, 1, 1, 1, 1]	1.000000	1.000000	pass
EOG090X01FO	6	2	[1, 1, 1, 1, 1, 1, 1, 2]	1.125000	1.000000	pass
EOG090X01G2	6	2	[1, 1, 1, 1, 1, 1, 1, 1]	1.000000	1.000000	pass
EOG090X01H4	4	2	[1, 1, 1, 1, 2, 2]	1.333333	1.000000	fail (count)
EOG090X01HT	5	2	[1, 1, 1, 1, 1, 1, 2]	1.142857	1.000000	pass
EOG090X01LO	6	2	[1, 1, 1, 1, 2, 2, 3, 3]	1.750000	1.500000	pass
EOG090X01LQ	6	2	[1, 1, 1, 1, 1, 2, 2, 2]	1.375000	1.000000	pass
EOG090X01LU	6	2	[1, 1, 1, 1, 1, 1, 2, 3]	1.375000	1.000000	pass
EOG090X01LY	6	2	[1, 1, 1, 1, 1, 1, 1, 1]	1.000000	1.000000	pass
EOG090X01MR	6	2	[1, 1, 1, 1, 1, 1, 1, 1]	1.000000	1.000000	pass
EOG090X01NK	6	2	[1, 1, 1, 1, 2, 2, 3, 3]	1.750000	1.500000	pass
EOG090X01NX	6	2	[1, 1, 1, 1, 1, 1, 1, 1]	1.000000	1.000000	pass
EOG090X01OH	5	2	[1, 1, 1, 2, 3, 3, 3]	2.000000	2.000000	pass
EOG090X01OT	6	2	[1, 1, 1, 1, 1, 1, 3, 3]	1.500000	1.000000	pass
EOG090X01QS	6	2	[1, 1, 1, 1, 1, 2, 2, 2]	1.375000	1.000000	pass
EOG090X01QX	6	2	[1, 1, 2, 2, 2, 3, 3, 3]	2.125000	2.000000	fail (average)
EOG090X01R0	6	2	[1, 1, 1, 1, 1, 2, 2, 2]	1.375000	1.000000	pass
EOG090X01R1	6	2	[1, 1, 1, 1, 1, 1, 1, 2]	1.125000	1.000000	pass
EOG090X01SN	5	2	[1, 1, 2, 3, 3, 3, 3]	2.285714	3.000000	fail (average) (median)
EOG090X01U4	6	2	[1, 1, 1, 1, 2, 3, 3, 3]	1.875000	1.500000	pass
EOG090X01UE	6	2	[1, 1, 1, 1, 1, 2, 2, 3]	1.500000	1.000000	pass
EOG090X01UY	6	2	[1, 1, 1, 1, 1, 1, 1, 1]	1.000000	1.000000	pass
EOG090X01V1	6	2	[1, 1, 1, 1, 1, 1, 2, 2]	1.250000	1.000000	pass
EOG090X01W2	5	2	[1, 1, 1, 2, 3, 3, 3]	2.000000	2.000000	pass
EOG090X01XB	5	2	[1, 1, 1, 1, 1, 1, 2]	1.142857	1.000000	pass
EOG090X01YQ	5	2	[1, 1, 1, 1, 1, 1, 2]	1.142857	1.000000	pass
EOG090X0205	4	2	[1, 1, 1, 1, 2, 2]	1.333333	1.000000	fail (count)
EOG090X020Y	6	2	[1, 1, 1, 1, 1, 2, 2, 3]	1.500000	1.000000	pass
EOG090X020Z	6	2	[1, 1, 1, 1, 1, 1, 1, 2]	1.125000	1.000000	pass
EOG090X021B	6	2	[1, 1, 1, 1, 1, 1, 1, 2]	1.125000	1.000000	pass
EOG090X023B	6	2	[1, 1, 1, 1, 1, 1, 3, 3]	1.500000	1.000000	pass
EOG090X024P	6	2	[1, 1, 1, 1, 1, 1, 2, 3]	1.375000	1.000000	pass
EOG090X0266	5	0	[1, 1, 1, 1, 3]	1.400000	1.000000	fail (count)
EOG090X0267	6	2	[1, 1, 1, 1, 1, 1, 1, 1]	1.000000	1.000000	pass
EOG090X026K	6	2	[1, 1, 1, 1, 1, 1, 3, 3]	1.500000	1.000000	pass
EOG090X026V	5	2	[1, 1, 1, 1, 2, 3, 3]	1.714286	1.000000	pass
EOG090X0272	6	2	[1, 1, 1, 1, 1, 1, 1, 2]	1.125000	1.000000	pass
EOG090X0279	6	2	[1, 1, 1, 1, 1, 2, 2, 2]	1.375000	1.000000	pass
EOG090X027A	6	2	[1, 1, 1, 1, 1, 1, 2, 3]	1.375000	1.000000	pass
EOG090X027R	6	2	[1, 1, 1, 1, 1, 1, 2, 3]	1.375000	1.000000	pass
EOG090X027U	6	2	[1, 1, 1, 3, 3, 3, 3, 3]	2.250000	3.000000	fail (average) (median)
EOG090X0289	6	2	[1, 1, 1, 1, 1, 1, 1, 2]	1.125000	1.000000	pass
EOG090X028A	6	2	[1, 1, 1, 1, 1, 2, 2, 2]	1.375000	1.000000	pass
EOG090X028B	6	1	[1, 1, 1, 1, 1, 2, 3]	1.428571	1.000000	pass
EOG090X028J	5	2	[1, 1, 1, 1, 1, 1, 1]	1.000000	1.000000	pass
EOG090X0294	6	2	[1, 1, 1, 1, 1, 2, 3, 3]	1.625000	1.000000	pass
EOG090X0296	6	2	[1, 1, 1, 1, 1, 1, 2, 2]	1.250000	1.000000	pass
EOG090X02BU	6	1	[1, 1, 1, 1, 1, 1, 1]	1.000000	1.000000	pass
EOG090X02BW	5	2	[1, 1, 1, 1, 1, 2, 3]	1.428571	1.000000	pass
EOG090X02C6	6	2	[1, 1, 1, 1, 1, 1, 2, 2]	1.250000	1.000000	pass
EOG090X02CC	6	2	[1, 1, 1, 1, 1, 2, 2, 3]	1.500000	1.000000	pass
EOG090X02D0	5	2	[1, 1, 1, 1, 1, 1, 1]	1.000000	1.000000	pass
EOG090X02DA	6	2	[1, 1, 1, 1, 2, 3, 3, 3]	1.875000	1.500000	pass
EOG090X02DF	6	2	[1, 1, 1, 1, 1, 1, 1, 1]	1.000000	1.000000	pass
EOG090X02DX	6	2	[1, 1, 2, 3, 3, 3, 3, 3]	2.375000	3.000000	fail (average) (median)
EOG090X02DZ	6	2	[1, 1, 1, 1, 1, 1, 1, 2]	1.125000	1.000000	pass
EOG090X02EM	6	2	[1, 1, 1, 1, 1, 1, 1, 2]	1.125000	1.000000	pass
EOG090X02EP	6	2	[1, 1, 1, 1, 1, 1, 2, 2]	1.250000	1.000000	pass
EOG090X02FO	6	2	[1, 1, 1, 3, 3, 3, 3, 3]	2.250000	3.000000	fail (average) (median)
EOG090X02G1	5	2	[1, 1, 1, 1, 1, 1, 2]	1.142857	1.000000	pass
EOG090X02H3	6	2	[1, 1, 1, 1, 1, 1, 1, 3]	1.250000	1.000000	pass
EOG090X02H9	6	2	[1, 1, 1, 1, 1, 1, 2, 2]	1.250000	1.000000	pass
EOG090X02HV	6	2	[1, 1, 1, 1, 1, 1, 1, 3]	1.250000	1.000000	pass
EOG090X02I4	6	2	[1, 1, 1, 1, 2, 3, 3, 3]	1.875000	1.500000	pass
EOG090X02IK	5	2	[1, 1, 1, 1, 1, 2, 3]	1.428571	1.000000	pass
EOG090X02IW	6	2	[1, 1, 1, 2, 3, 3, 3, 3]	2.125000	2.500000	fail (average) (median)
EOG090X02IY	3	1	[1, 1, 2, 3]	1.750000	1.500000	fail (count)
EOG090X02LQ	6	2	[1, 1, 1, 1, 1, 1, 1, 1]	1.000000	1.000000	pass
EOG090X02LT	6	0	[1, 1, 1, 1, 2, 2]	1.333333	1.000000	fail (count)
EOG090X02MG	5	2	[1, 1, 1, 1, 1, 1, 3]	1.285714	1.000000	pass
EOG090X02MW	6	2	[1, 1, 1, 1, 1, 1, 2, 2]	1.250000	1.000000	pass
EOG090X02NT	5	2	[1, 1, 1, 2, 2, 3, 3]	1.857143	2.000000	pass
EOG090X02PU	6	2	[1, 1, 1, 1, 2, 2, 2, 4]	1.750000	1.500000	pass
EOG090X02QS	6	2	[1, 1, 1, 1, 1, 2, 2, 2]	1.375000	1.000000	pass
EOG090X02QX	6	2	[1, 1, 1, 1, 1, 1, 1, 2]	1.125000	1.000000	pass
EOG090X02RM	5	2	[1, 1, 1, 1, 1, 2, 3]	1.428571	1.000000	pass
EOG090X02RQ	6	2	[1, 1, 1, 1, 1, 1, 2, 3]	1.375000	1.000000	pass
EOG090X02S0	6	0	[1, 1, 1, 1, 1, 2]	1.166667	1.000000	fail (count)
EOG090X02SD	4	1	[1, 1, 1, 2, 2]	1.400000	1.000000	fail (count)
EOG090X02SJ	6	2	[1, 1, 1, 1, 1, 1, 1, 2]	1.125000	1.000000	pass
EOG090X02T5	6	2	[1, 1, 1, 1, 1, 1, 2, 3]	1.375000	1.000000	pass
EOG090X02VY	5	2	[1, 1, 1, 1, 1, 1, 2]	1.142857	1.000000	pass
EOG090X02WG	6	2	[1, 1, 1, 1, 1, 1, 3, 3]	1.500000	1.000000	pass
EOG090X02Z1	6	2	[1, 1, 1, 1, 1, 1, 1, 1]	1.000000	1.000000	pass
EOG090X02ZJ	5	2	[1, 1, 1, 1, 1, 2, 2]	1.285714	1.000000	pass
EOG090X0302	4	2	[1, 1, 1, 1, 1, 1]	1.000000	1.000000	fail (count)
EOG090X030C	6	2	[1, 1, 1, 1, 1, 1, 1, 2]	1.125000	1.000000	pass
EOG090X030S	6	2	[1, 1, 1, 1, 1, 1, 2, 3]	1.375000	1.000000	pass
EOG090X0318	6	2	[1, 1, 1, 1, 1, 1, 1, 1]	1.000000	1.000000	pass
EOG090X031T	6	2	[1, 1, 1, 1, 1, 2, 3, 3]	1.625000	1.000000	pass
EOG090X0324	6	2	[1, 1, 1, 1, 1, 3, 3, 3]	1.750000	1.000000	pass
EOG090X032C	6	2	[1, 1, 1, 1, 1, 1, 1, 1]	1.000000	1.000000	pass
EOG090X032R	6	2	[1, 1, 2, 2, 2, 3, 3, 3]	2.125000	2.000000	fail (average)
EOG090X033I	6	2	[1, 1, 1, 1, 1, 1, 1, 2]	1.125000	1.000000	pass
EOG090X033O	6	0	[1, 1, 1, 2, 2, 3]	1.666667	1.500000	fail (count)
EOG090X0363	6	2	[1, 1, 1, 1, 1, 1, 2, 2]	1.250000	1.000000	pass
EOG090X0364	6	2	[1, 1, 1, 1, 1, 1, 2, 3]	1.375000	1.000000	pass
EOG090X036X	6	2	[1, 1, 1, 1, 2, 2, 2, 3]	1.625000	1.500000	pass
EOG090X037B	6	2	[1, 1, 1, 1, 1, 1, 3, 3]	1.500000	1.000000	pass
EOG090X037N	6	2	[1, 1, 1, 1, 1, 1, 2, 2]	1.250000	1.000000	pass
EOG090X0398	6	2	[1, 1, 2, 2, 2, 3, 3, 3]	2.125000	2.000000	fail (average)
EOG090X03A4	6	2	[1, 1, 1, 1, 1, 2, 2, 3]	1.500000	1.000000	pass
EOG090X03AJ	6	2	[1, 1, 1, 1, 1, 2, 2, 3]	1.500000	1.000000	pass
EOG090X03AK	6	2	[1, 1, 1, 1, 1, 1, 2, 2]	1.250000	1.000000	pass
EOG090X03B0	5	2	[1, 1, 1, 1, 2, 2, 3]	1.571429	1.000000	pass
EOG090X03B7	6	2	[1, 1, 1, 1, 1, 2, 2, 2]	1.375000	1.000000	pass
EOG090X03CE	5	2	[1, 1, 1, 1, 1, 1, 1]	1.000000	1.000000	pass
EOG090X03DA	6	2	[1, 1, 1, 1, 1, 1, 1, 1]	1.000000	1.000000	pass
EOG090X03DI	5	2	[1, 1, 1, 1, 1, 1, 2]	1.142857	1.000000	pass
EOG090X03EV	6	2	[1, 1, 1, 1, 1, 1, 1, 2]	1.125000	1.000000	pass
EOG090X03FQ	6	2	[1, 1, 1, 1, 1, 1, 1, 3]	1.250000	1.000000	pass
EOG090X03G1	6	2	[1, 1, 1, 1, 1, 1, 1, 2]	1.125000	1.000000	pass
EOG090X03G5	6	2	[1, 1, 1, 1, 1, 1, 2, 2]	1.250000	1.000000	pass
EOG090X03GO	6	2	[1, 1, 1, 1, 1, 1, 1, 2]	1.125000	1.000000	pass
EOG090X03H5	6	2	[1, 1, 1, 2, 2, 2, 3, 3]	1.875000	2.000000	pass
EOG090X03I5	6	2	[1, 1, 1, 1, 1, 2, 2, 3]	1.500000	1.000000	pass
EOG090X03JL	6	2	[1, 1, 1, 1, 1, 2, 2, 2]	1.375000	1.000000	pass
EOG090X03K5	6	2	[1, 1, 3, 3, 3, 3, 3, 3]	2.500000	3.000000	fail (average) (median)
EOG090X03KG	6	2	[1, 1, 1, 1, 1, 2, 2, 3]	1.500000	1.000000	pass
EOG090X03KK	6	2	[1, 1, 1, 1, 1, 1, 1, 3]	1.250000	1.000000	pass
EOG090X03KZ	5	2	[1, 1, 1, 1, 1, 1, 1]	1.000000	1.000000	pass
EOG090X03LH	6	2	[1, 1, 1, 1, 1, 2, 3, 3]	1.625000	1.000000	pass
EOG090X03M6	5	2	[1, 1, 1, 1, 1, 2, 2]	1.285714	1.000000	pass
EOG090X03NS	6	2	[1, 1, 1, 1, 1, 1, 2, 2]	1.250000	1.000000	pass
EOG090X03O4	6	2	[1, 1, 1, 1, 1, 1, 2, 2]	1.250000	1.000000	pass
EOG090X03P9	6	0	[1, 1, 1, 1, 2, 3]	1.500000	1.000000	fail (count)
EOG090X03QA	6	2	[1, 1, 1, 1, 1, 1, 2, 2]	1.250000	1.000000	pass
EOG090X03QF	4	2	[1, 1, 1, 2, 2, 2]	1.500000	1.500000	fail (count)
EOG090X03QT	5	2	[1, 1, 1, 1, 1, 2, 3]	1.428571	1.000000	pass
EOG090X03QW	6	2	[1, 1, 1, 1, 2, 2, 2, 2]	1.500000	1.500000	pass
EOG090X03R5	6	1	[1, 1, 1, 2, 3, 3, 3]	2.000000	2.000000	pass
EOG090X03RD	6	2	[1, 1, 1, 1, 1, 2, 2, 2]	1.375000	1.000000	pass
EOG090X03RJ	6	2	[1, 1, 1, 1, 2, 2, 3, 3]	1.750000	1.500000	pass
EOG090X03RP	6	2	[1, 1, 1, 1, 1, 1, 2, 3]	1.375000	1.000000	pass
EOG090X03S1	6	2	[1, 1, 1, 1, 1, 1, 1, 1]	1.000000	1.000000	pass
EOG090X03SL	6	2	[1, 1, 1, 1, 1, 2, 3, 3]	1.625000	1.000000	pass
EOG090X03ST	6	2	[1, 1, 1, 1, 1, 1, 1, 1]	1.000000	1.000000	pass
EOG090X03SX	5	2	[1, 1, 1, 1, 1, 2, 3]	1.428571	1.000000	pass
EOG090X03T7	6	2	[1, 1, 1, 1, 1, 2, 3, 3]	1.625000	1.000000	pass
EOG090X03TK	6	2	[1, 1, 1, 1, 1, 1, 1, 2]	1.125000	1.000000	pass
EOG090X03TW	6	2	[1, 1, 1, 1, 1, 1, 1, 2]	1.125000	1.000000	pass
EOG090X03TX	6	2	[1, 1, 1, 1, 1, 1, 2, 2]	1.250000	1.000000	pass
EOG090X03U0	6	2	[1, 1, 1, 1, 1, 1, 1, 1]	1.000000	1.000000	pass
EOG090X03UT	6	2	[1, 1, 2, 2, 2, 2, 2, 2]	1.750000	2.000000	pass
EOG090X03V0	6	2	[1, 1, 1, 1, 2, 2, 2, 3]	1.625000	1.500000	pass
EOG090X03VW	6	2	[1, 1, 1, 1, 1, 1, 1, 1]	1.000000	1.000000	pass
EOG090X03WO	6	2	[1, 1, 1, 1, 1, 1, 2, 2]	1.250000	1.000000	pass
EOG090X03YC	5	2	[1, 1, 1, 1, 1, 3, 3]	1.571429	1.000000	pass
EOG090X03YJ	4	2	[1, 1, 1, 1, 1, 2]	1.166667	1.000000	fail (count)
EOG090X03YR	6	2	[1, 1, 1, 1, 1, 3, 3, 4]	1.875000	1.000000	pass
EOG090X03ZI	6	2	[1, 1, 1, 1, 1, 1, 2, 3]	1.375000	1.000000	pass
EOG090X0424	5	1	[1, 1, 1, 1, 1, 2]	1.166667	1.000000	pass
EOG090X0431	6	2	[1, 1, 1, 2, 2, 2, 3, 3]	1.875000	2.000000	pass
EOG090X0438	6	2	[1, 1, 1, 1, 1, 1, 1, 2]	1.125000	1.000000	pass
EOG090X043F	6	2	[1, 1, 1, 1, 1, 1, 1, 2]	1.125000	1.000000	pass
EOG090X043H	6	1	[1, 1, 2, 3, 3, 3, 3]	2.285714	3.000000	fail (average) (median)
EOG090X044C	6	2	[1, 1, 1, 1, 1, 1, 2, 3]	1.375000	1.000000	pass
EOG090X0464	2	0	[1, 3]	2.000000	2.000000	fail (count)
EOG090X047B	6	2	[1, 1, 1, 1, 1, 1, 2, 2]	1.250000	1.000000	pass
EOG090X047D	6	2	[1, 1, 1, 1, 1, 2, 3, 3]	1.625000	1.000000	pass
EOG090X0484	6	2	[1, 1, 1, 2, 2, 2, 2, 3]	1.750000	2.000000	pass
EOG090X0489	6	2	[1, 1, 1, 1, 1, 1, 1, 1]	1.000000	1.000000	pass
EOG090X048D	6	2	[1, 1, 1, 1, 1, 1, 2, 2]	1.250000	1.000000	pass
EOG090X0491	6	2	[1, 1, 1, 1, 1, 1, 1, 1]	1.000000	1.000000	pass
EOG090X049L	5	2	[1, 1, 1, 2, 3, 3, 3]	2.000000	2.000000	pass
EOG090X049M	4	2	[1, 1, 1, 2, 3, 3]	1.833333	1.500000	fail (count)
EOG090X04A7	6	2	[1, 1, 3, 3, 3, 3, 3, 3]	2.500000	3.000000	fail (average) (median)
EOG090X04AR	6	2	[1, 1, 1, 2, 2, 3, 3, 3]	2.000000	2.000000	pass
EOG090X04CK	6	2	[1, 1, 1, 1, 1, 1, 1, 3]	1.250000	1.000000	pass
EOG090X04D9	6	2	[1, 1, 1, 1, 1, 2, 2, 3]	1.500000	1.000000	pass
EOG090X04DJ	6	2	[1, 1, 1, 1, 1, 1, 2, 3]	1.375000	1.000000	pass
EOG090X04DO	6	2	[1, 1, 1, 1, 1, 1, 2, 3]	1.375000	1.000000	pass
EOG090X04EN	6	2	[1, 1, 1, 1, 1, 2, 2, 2]	1.375000	1.000000	pass
EOG090X04F1	5	2	[1, 1, 1, 1, 1, 1, 2]	1.142857	1.000000	pass
EOG090X04G3	6	2	[1, 1, 1, 1, 1, 1, 1, 1]	1.000000	1.000000	pass
EOG090X04G6	6	2	[1, 1, 1, 1, 1, 1, 2, 2]	1.250000	1.000000	pass
EOG090X04G7	5	2	[1, 1, 1, 1, 1, 2, 3]	1.428571	1.000000	pass
EOG090X04G9	6	2	[1, 1, 1, 1, 1, 1, 2, 3]	1.375000	1.000000	pass
EOG090X04HR	5	2	[1, 1, 1, 1, 1, 1, 2]	1.142857	1.000000	pass
EOG090X04HX	6	2	[1, 1, 1, 1, 1, 3, 3, 3]	1.750000	1.000000	pass
EOG090X04JL	5	2	[1, 1, 1, 1, 1, 2, 3]	1.428571	1.000000	pass
EOG090X04K8	6	2	[1, 1, 1, 1, 1, 2, 3, 3]	1.625000	1.000000	pass
EOG090X04KD	6	2	[1, 1, 1, 1, 1, 1, 2, 2]	1.250000	1.000000	pass
EOG090X04KW	5	2	[1, 1, 2, 3, 3, 3, 3]	2.285714	3.000000	fail (average) (median)
EOG090X04L0	6	2	[1, 1, 1, 1, 1, 1, 1, 2]	1.125000	1.000000	pass
EOG090X04L5	6	2	[1, 1, 1, 1, 1, 1, 2, 2]	1.250000	1.000000	pass
EOG090X04LA	3	2	[1, 1, 1, 1, 3]	1.400000	1.000000	fail (count)
EOG090X04LH	5	2	[1, 1, 1, 1, 1, 2, 3]	1.428571	1.000000	pass
EOG090X04MD	6	2	[1, 1, 1, 1, 1, 1, 1, 2]	1.125000	1.000000	pass
EOG090X04NF	6	2	[1, 1, 1, 1, 1, 1, 1, 1]	1.000000	1.000000	pass
EOG090X04NQ	6	2	[1, 1, 1, 1, 1, 2, 2, 3]	1.500000	1.000000	pass
EOG090X04O4	6	2	[1, 1, 1, 1, 1, 1, 1, 1]	1.000000	1.000000	pass
EOG090X04OZ	6	2	[1, 1, 1, 1, 1, 1, 1, 2]	1.125000	1.000000	pass
EOG090X04PU	6	2	[1, 1, 1, 2, 2, 2, 3, 3]	1.875000	2.000000	pass
EOG090X04TT	6	2	[1, 1, 1, 1, 1, 1, 2, 2]	1.250000	1.000000	pass
EOG090X04TU	6	2	[1, 1, 1, 1, 1, 1, 1, 1]	1.000000	1.000000	pass
EOG090X04U5	6	2	[1, 1, 2, 2, 2, 2, 3, 3]	2.000000	2.000000	pass
EOG090X04UC	6	2	[1, 1, 1, 1, 1, 1, 1, 2]	1.125000	1.000000	pass
EOG090X04UV	6	2	[1, 1, 1, 1, 1, 1, 1, 1]	1.000000	1.000000	pass
EOG090X04VI	3	2	[1, 1, 1, 1, 1]	1.000000	1.000000	fail (count)
EOG090X04W0	6	2	[1, 1, 1, 2, 2, 2, 3, 3]	1.875000	2.000000	pass
EOG090X04WQ	6	2	[1, 1, 1, 1, 1, 1, 2, 3]	1.375000	1.000000	pass
EOG090X04WU	6	2	[1, 1, 1, 1, 1, 1, 1, 2]	1.125000	1.000000	pass
EOG090X04X8	6	2	[1, 1, 2, 2, 2, 3, 3, 3]	2.125000	2.000000	fail (average)
EOG090X04XE	6	2	[1, 1, 1, 1, 2, 2, 3, 3]	1.750000	1.500000	pass
EOG090X04Y3	6	2	[1, 1, 1, 1, 1, 1, 2, 3]	1.375000	1.000000	pass
EOG090X04YD	6	2	[1, 1, 1, 1, 1, 1, 1, 1]	1.000000	1.000000	pass
EOG090X04Z1	6	1	[1, 1, 1, 1, 1, 1, 1]	1.000000	1.000000	pass
EOG090X04Z9	6	2	[1, 1, 1, 1, 1, 1, 2, 2]	1.250000	1.000000	pass
EOG090X04ZD	6	2	[1, 1, 1, 1, 1, 1, 1, 1]	1.000000	1.000000	pass
EOG090X050I	6	2	[1, 1, 2, 2, 2, 2, 3, 3]	2.000000	2.000000	pass
EOG090X0511	5	2	[1, 1, 1, 1, 1, 1, 3]	1.285714	1.000000	pass
EOG090X0515	6	2	[1, 1, 1, 2, 2, 2, 3, 3]	1.875000	2.000000	pass
EOG090X051L	6	2	[1, 1, 1, 1, 1, 1, 2, 2]	1.250000	1.000000	pass
EOG090X051P	6	2	[1, 1, 1, 2, 2, 2, 3, 3]	1.875000	2.000000	pass
EOG090X054E	6	2	[1, 1, 1, 1, 1, 1, 1, 2]	1.125000	1.000000	pass
EOG090X055U	6	2	[1, 1, 1, 1, 1, 1, 1, 1]	1.000000	1.000000	pass
EOG090X057R	6	2	[1, 1, 1, 1, 1, 1, 1, 1]	1.000000	1.000000	pass
EOG090X058A	6	2	[1, 1, 1, 2, 2, 2, 2, 3]	1.750000	2.000000	pass
EOG090X058P	6	2	[1, 1, 1, 1, 1, 1, 1, 1]	1.000000	1.000000	pass
EOG090X059J	2	1	[1, 1, 2]	1.333333	1.000000	fail (count)
EOG090X05AC	5	2	[1, 1, 1, 2, 2, 3, 3]	1.857143	2.000000	pass
EOG090X05AE	6	2	[1, 1, 1, 1, 2, 2, 2, 2]	1.500000	1.500000	pass
EOG090X05CB	6	2	[1, 1, 1, 1, 1, 1, 2, 2]	1.250000	1.000000	pass
EOG090X05CU	6	1	[1, 1, 1, 1, 1, 2, 2]	1.285714	1.000000	pass
EOG090X05CZ	6	2	[1, 1, 1, 1, 2, 2, 3, 3]	1.750000	1.500000	pass
EOG090X05E1	6	2	[1, 1, 1, 1, 1, 1, 2, 2]	1.250000	1.000000	pass
EOG090X05E6	6	2	[1, 1, 1, 1, 1, 1, 1, 2]	1.125000	1.000000	pass
EOG090X05EE	5	2	[1, 1, 1, 1, 1, 2, 3]	1.428571	1.000000	pass
EOG090X05GA	6	2	[1, 1, 1, 1, 1, 1, 1, 2]	1.125000	1.000000	pass
EOG090X05H4	6	2	[1, 1, 1, 1, 1, 1, 1, 1]	1.000000	1.000000	pass
EOG090X05H5	6	2	[1, 1, 1, 1, 1, 2, 3, 3]	1.625000	1.000000	pass
EOG090X05J1	6	2	[1, 1, 1, 1, 2, 2, 3, 3]	1.750000	1.500000	pass
EOG090X05JJ	6	2	[1, 1, 1, 1, 1, 2, 2, 3]	1.500000	1.000000	pass
EOG090X05JX	6	2	[1, 1, 1, 1, 1, 1, 2, 2]	1.250000	1.000000	pass
EOG090X05KU	6	2	[1, 1, 1, 1, 1, 1, 2, 3]	1.375000	1.000000	pass
EOG090X05LM	3	2	[1, 1, 1, 1, 2]	1.200000	1.000000	fail (count)
EOG090X05NC	6	2	[1, 1, 1, 1, 2, 2, 3, 3]	1.750000	1.500000	pass
EOG090X05NI	6	2	[2, 2, 2, 2, 3, 3, 3, 3]	2.500000	2.500000	fail (average) (median)
EOG090X05NZ	6	2	[1, 1, 1, 1, 1, 1, 1, 2]	1.125000	1.000000	pass
EOG090X05OW	6	2	[1, 1, 1, 1, 1, 1, 1, 1]	1.000000	1.000000	pass
EOG090X05Q1	6	2	[1, 1, 1, 1, 1, 1, 1, 2]	1.125000	1.000000	pass
EOG090X05QS	6	2	[1, 1, 1, 1, 1, 1, 1, 2]	1.125000	1.000000	pass
EOG090X05QT	6	2	[1, 1, 1, 1, 1, 2, 2, 2]	1.375000	1.000000	pass
EOG090X05RK	5	2	[1, 1, 1, 1, 1, 1, 1]	1.000000	1.000000	pass
EOG090X05RM	5	2	[1, 1, 1, 1, 1, 1, 3]	1.285714	1.000000	pass
EOG090X05RX	6	2	[1, 1, 1, 1, 1, 1, 2, 3]	1.375000	1.000000	pass
EOG090X05SW	5	2	[1, 1, 1, 1, 1, 1, 2]	1.142857	1.000000	pass
EOG090X05T8	6	2	[1, 1, 1, 1, 1, 2, 2, 3]	1.500000	1.000000	pass
EOG090X05UC	5	2	[1, 1, 1, 1, 1, 1, 2]	1.142857	1.000000	pass
EOG090X05V1	6	2	[1, 1, 1, 1, 1, 1, 1, 1]	1.000000	1.000000	pass
EOG090X05V9	6	2	[1, 1, 1, 1, 1, 1, 1, 3]	1.250000	1.000000	pass
EOG090X05VA	6	2	[1, 1, 1, 1, 1, 1, 2, 2]	1.250000	1.000000	pass
EOG090X05VD	5	2	[1, 1, 1, 1, 1, 2, 3]	1.428571	1.000000	pass
EOG090X05X4	6	2	[1, 1, 1, 1, 1, 1, 1, 1]	1.000000	1.000000	pass
EOG090X05X9	5	2	[1, 1, 1, 1, 1, 1, 3]	1.285714	1.000000	pass
EOG090X05XL	6	2	[1, 1, 1, 1, 1, 1, 1, 2]	1.125000	1.000000	pass
EOG090X05Z0	6	2	[1, 1, 1, 1, 1, 1, 1, 2]	1.125000	1.000000	pass
EOG090X05ZS	6	2	[1, 1, 1, 1, 1, 1, 1, 1]	1.000000	1.000000	pass
EOG090X060Z	6	2	[1, 1, 1, 1, 2, 2, 3, 3]	1.750000	1.500000	pass
EOG090X064W	6	2	[1, 1, 1, 1, 1, 1, 2, 2]	1.250000	1.000000	pass
EOG090X0662	6	2	[1, 1, 1, 1, 1, 1, 1, 2]	1.125000	1.000000	pass
EOG090X0665	6	2	[1, 1, 1, 1, 1, 1, 1, 2]	1.125000	1.000000	pass
EOG090X067V	6	2	[1, 1, 1, 1, 1, 1, 2, 2]	1.250000	1.000000	pass
EOG090X0687	5	2	[1, 1, 1, 1, 1, 1, 1]	1.000000	1.000000	pass
EOG090X0689	6	2	[1, 1, 1, 1, 1, 1, 1, 1]	1.000000	1.000000	pass
EOG090X069C	6	1	[1, 1, 1, 1, 1, 1, 3]	1.285714	1.000000	pass
EOG090X069M	6	2	[1, 1, 1, 1, 1, 1, 1, 1]	1.000000	1.000000	pass
EOG090X06A5	6	2	[1, 1, 1, 1, 1, 2, 3, 3]	1.625000	1.000000	pass
EOG090X06AF	6	2	[1, 1, 1, 2, 2, 2, 2, 3]	1.750000	2.000000	pass
EOG090X06BA	5	2	[1, 1, 1, 1, 1, 2, 3]	1.428571	1.000000	pass
EOG090X06CC	6	2	[1, 1, 1, 1, 1, 1, 2, 2]	1.250000	1.000000	pass
EOG090X06E3	6	2	[1, 1, 1, 1, 1, 1, 1, 1]	1.000000	1.000000	pass
EOG090X06E6	6	2	[1, 1, 1, 1, 1, 1, 2, 3]	1.375000	1.000000	pass
EOG090X06EY	6	2	[1, 1, 1, 1, 1, 1, 2, 2]	1.250000	1.000000	pass
EOG090X06GA	6	2	[1, 2, 2, 3, 3, 3, 3, 3]	2.500000	3.000000	fail (average) (median)
EOG090X06GX	6	2	[1, 1, 1, 1, 2, 3, 3, 3]	1.875000	1.500000	pass
EOG090X06HD	4	2	[1, 1, 1, 1, 1, 3]	1.333333	1.000000	fail (count)
EOG090X06IH	6	2	[1, 1, 1, 1, 1, 1, 1, 2]	1.125000	1.000000	pass
EOG090X06IP	6	2	[1, 1, 1, 1, 1, 1, 3, 3]	1.500000	1.000000	pass
EOG090X06J2	6	2	[1, 1, 1, 1, 1, 1, 1, 2]	1.125000	1.000000	pass
EOG090X06JG	6	2	[1, 1, 1, 1, 1, 2, 2, 2]	1.375000	1.000000	pass
EOG090X06K5	6	2	[1, 1, 1, 2, 3, 3, 3, 3]	2.125000	2.500000	fail (average) (median)
EOG090X06K9	5	2	[1, 1, 1, 1, 1, 1, 1]	1.000000	1.000000	pass
EOG090X06KU	3	2	[1, 1, 1, 1, 2]	1.200000	1.000000	fail (count)
EOG090X06NC	5	2	[1, 1, 1, 1, 1, 1, 2]	1.142857	1.000000	pass
EOG090X06NK	6	2	[1, 1, 1, 1, 2, 2, 2, 3]	1.625000	1.500000	pass
EOG090X06OK	6	2	[1, 1, 1, 1, 1, 1, 2, 2]	1.250000	1.000000	pass
EOG090X06Q2	6	2	[1, 1, 2, 2, 2, 3, 3, 3]	2.125000	2.000000	fail (average)
EOG090X06Q3	5	2	[1, 1, 1, 1, 1, 2, 3]	1.428571	1.000000	pass
EOG090X06RJ	5	2	[1, 1, 1, 1, 1, 2, 2]	1.285714	1.000000	pass
EOG090X06RW	5	2	[1, 1, 2, 2, 2, 3, 3]	2.000000	2.000000	pass
EOG090X06SF	5	2	[1, 1, 1, 1, 2, 2, 2]	1.428571	1.000000	pass
EOG090X06SH	6	2	[1, 1, 1, 1, 1, 2, 2, 3]	1.500000	1.000000	pass
EOG090X06SP	5	2	[1, 1, 1, 1, 1, 1, 2]	1.142857	1.000000	pass
EOG090X06T3	5	2	[1, 1, 1, 1, 1, 2, 3]	1.428571	1.000000	pass
EOG090X06TI	6	2	[1, 1, 1, 1, 1, 1, 2, 3]	1.375000	1.000000	pass
EOG090X06TJ	5	2	[1, 1, 1, 1, 1, 2, 2]	1.285714	1.000000	pass
EOG090X06TU	6	2	[1, 1, 1, 1, 1, 1, 1, 1]	1.000000	1.000000	pass
EOG090X06UY	6	2	[1, 1, 1, 1, 1, 1, 1, 3]	1.250000	1.000000	pass
EOG090X06V5	6	2	[1, 1, 1, 1, 1, 1, 1, 2]	1.125000	1.000000	pass
EOG090X06VP	5	2	[1, 1, 1, 1, 1, 1, 1]	1.000000	1.000000	pass
EOG090X06W8	6	2	[1, 1, 1, 1, 1, 1, 3, 3]	1.500000	1.000000	pass
EOG090X06W9	5	2	[1, 1, 1, 1, 1, 2, 2]	1.285714	1.000000	pass
EOG090X06XN	6	2	[1, 1, 1, 1, 1, 1, 2, 2]	1.250000	1.000000	pass
EOG090X06XW	6	2	[1, 1, 1, 1, 2, 2, 2, 2]	1.500000	1.500000	pass
EOG090X06Y8	6	2	[1, 1, 2, 2, 2, 2, 3, 3]	2.000000	2.000000	pass
EOG090X06YP	6	2	[1, 1, 1, 1, 1, 1, 2, 3]	1.375000	1.000000	pass
EOG090X0702	6	2	[1, 1, 1, 1, 1, 2, 2, 3]	1.500000	1.000000	pass
EOG090X071P	6	2	[1, 1, 1, 1, 2, 2, 2, 3]	1.625000	1.500000	pass
EOG090X072H	6	2	[1, 1, 1, 1, 1, 1, 1, 2]	1.125000	1.000000	pass
EOG090X072S	6	2	[1, 1, 1, 1, 2, 2, 3, 3]	1.750000	1.500000	pass
EOG090X073E	6	2	[1, 1, 1, 1, 1, 1, 1, 1]	1.000000	1.000000	pass
EOG090X073W	6	2	[1, 1, 1, 1, 1, 1, 1, 1]	1.000000	1.000000	pass
EOG090X0755	6	2	[1, 1, 1, 1, 1, 1, 1, 3]	1.250000	1.000000	pass
EOG090X076M	4	2	[1, 1, 1, 1, 1, 1]	1.000000	1.000000	fail (count)
EOG090X076S	6	2	[1, 1, 1, 1, 1, 2, 2, 2]	1.375000	1.000000	pass
EOG090X076T	6	2	[1, 1, 1, 1, 1, 2, 2, 3]	1.500000	1.000000	pass
EOG090X0770	6	2	[1, 1, 1, 1, 1, 1, 1, 1]	1.000000	1.000000	pass
EOG090X0784	6	2	[1, 1, 1, 1, 1, 1, 1, 3]	1.250000	1.000000	pass
EOG090X078K	6	2	[1, 1, 1, 1, 2, 2, 2, 3]	1.625000	1.500000	pass
EOG090X078Z	6	2	[1, 1, 1, 1, 1, 2, 2, 3]	1.500000	1.000000	pass
EOG090X07AI	6	2	[1, 1, 1, 1, 1, 1, 1, 2]	1.125000	1.000000	pass
EOG090X07AW	6	2	[1, 1, 1, 1, 1, 1, 1, 1]	1.000000	1.000000	pass
EOG090X07B2	6	2	[1, 1, 1, 1, 1, 1, 2, 2]	1.250000	1.000000	pass
EOG090X07B6	6	2	[1, 1, 1, 1, 1, 1, 2, 2]	1.250000	1.000000	pass
EOG090X07BN	6	2	[1, 1, 1, 1, 1, 1, 1, 2]	1.125000	1.000000	pass
EOG090X07BV	6	2	[1, 1, 1, 1, 2, 2, 2, 3]	1.625000	1.500000	pass
EOG090X07CE	6	2	[1, 1, 1, 1, 2, 2, 3, 3]	1.750000	1.500000	pass
EOG090X07CF	6	2	[1, 1, 1, 1, 1, 1, 1, 1]	1.000000	1.000000	pass
EOG090X07D3	6	2	[1, 1, 1, 2, 2, 3, 3, 3]	2.000000	2.000000	pass
EOG090X07E2	6	2	[1, 1, 1, 1, 1, 1, 1, 3]	1.250000	1.000000	pass
EOG090X07E6	5	2	[1, 1, 1, 1, 1, 1, 1]	1.000000	1.000000	pass
EOG090X07ET	6	2	[1, 1, 2, 2, 2, 2, 3, 3]	2.000000	2.000000	pass
EOG090X07G2	6	2	[1, 1, 1, 1, 1, 1, 1, 3]	1.250000	1.000000	pass
EOG090X07H9	5	2	[1, 1, 1, 1, 1, 1, 1]	1.000000	1.000000	pass
EOG090X07HG	6	1	[1, 1, 1, 1, 2, 2, 2]	1.428571	1.000000	pass
EOG090X07HN	6	2	[1, 1, 1, 1, 1, 1, 1, 1]	1.000000	1.000000	pass
EOG090X07I2	6	2	[1, 1, 1, 1, 1, 1, 1, 2]	1.125000	1.000000	pass
EOG090X07IA	5	1	[1, 1, 1, 2, 2, 3]	1.666667	1.500000	pass
EOG090X07IC	6	2	[1, 1, 1, 1, 1, 1, 1, 3]	1.250000	1.000000	pass
EOG090X07J3	6	2	[1, 1, 1, 1, 1, 2, 2, 2]	1.375000	1.000000	pass
EOG090X07J4	5	2	[1, 1, 1, 1, 1, 2, 2]	1.285714	1.000000	pass
EOG090X07J8	6	2	[1, 1, 1, 1, 1, 1, 2, 3]	1.375000	1.000000	pass
EOG090X07JL	6	2	[1, 1, 1, 1, 1, 1, 1, 2]	1.125000	1.000000	pass
EOG090X07K0	6	2	[1, 1, 1, 1, 1, 1, 1, 2]	1.125000	1.000000	pass
EOG090X07KM	6	2	[1, 1, 1, 1, 1, 1, 2, 3]	1.375000	1.000000	pass
EOG090X07KN	6	1	[1, 1, 1, 1, 1, 1, 1]	1.000000	1.000000	pass
EOG090X07KO	6	0	[1, 2, 2, 3, 3, 3]	2.333333	2.500000	fail (count)
EOG090X07KR	5	2	[1, 1, 1, 2, 2, 2, 3]	1.714286	2.000000	pass
EOG090X07L3	6	2	[1, 1, 1, 1, 1, 1, 2, 3]	1.375000	1.000000	pass
EOG090X07LH	6	2	[1, 1, 1, 1, 1, 1, 1, 2]	1.125000	1.000000	pass
EOG090X07MB	6	2	[1, 1, 1, 1, 1, 1, 1, 2]	1.125000	1.000000	pass
EOG090X07N7	6	2	[1, 1, 1, 1, 1, 1, 1, 2]	1.125000	1.000000	pass
EOG090X07N9	6	2	[1, 1, 1, 1, 1, 1, 2, 3]	1.375000	1.000000	pass
EOG090X07NA	5	2	[1, 1, 1, 1, 1, 1, 1]	1.000000	1.000000	pass
EOG090X07NG	6	2	[1, 1, 1, 1, 1, 1, 1, 2]	1.125000	1.000000	pass
EOG090X07NR	6	2	[1, 1, 1, 1, 1, 2, 3, 3]	1.625000	1.000000	pass
EOG090X07NU	6	2	[1, 1, 1, 1, 1, 1, 1, 2]	1.125000	1.000000	pass
EOG090X07NZ	6	2	[1, 1, 1, 1, 1, 3, 3, 3]	1.750000	1.000000	pass
EOG090X07PD	4	2	[1, 1, 1, 1, 1, 2]	1.166667	1.000000	fail (count)
EOG090X07PL	6	2	[1, 1, 1, 1, 2, 2, 2, 3]	1.625000	1.500000	pass
EOG090X07QN	6	2	[1, 1, 1, 1, 1, 2, 2, 3]	1.500000	1.000000	pass
EOG090X07RL	6	2	[1, 1, 1, 1, 2, 2, 2, 2]	1.500000	1.500000	pass
EOG090X07S3	5	1	[1, 1, 1, 1, 1, 3]	1.333333	1.000000	pass
EOG090X07S9	6	2	[1, 1, 1, 1, 1, 1, 1, 3]	1.250000	1.000000	pass
EOG090X07SD	6	2	[1, 1, 1, 1, 1, 1, 1, 2]	1.125000	1.000000	pass
EOG090X07SL	6	2	[1, 1, 1, 1, 1, 1, 1, 1]	1.000000	1.000000	pass
EOG090X07SU	6	2	[1, 1, 1, 1, 1, 1, 1, 2]	1.125000	1.000000	pass
EOG090X07TK	6	2	[1, 1, 1, 1, 1, 1, 1, 1]	1.000000	1.000000	pass
EOG090X07TT	6	2	[1, 1, 1, 1, 1, 2, 3, 3]	1.625000	1.000000	pass
EOG090X07UV	6	2	[1, 1, 1, 1, 1, 1, 2, 2]	1.250000	1.000000	pass
EOG090X07V0	5	0	[1, 1, 2, 2, 3]	1.800000	2.000000	fail (count)
EOG090X07VJ	5	2	[1, 1, 1, 1, 1, 2, 2]	1.285714	1.000000	pass
EOG090X07W1	6	0	[1, 1, 1, 1, 2, 2]	1.333333	1.000000	fail (count)
EOG090X07WF	5	2	[1, 1, 1, 1, 1, 1, 1]	1.000000	1.000000	pass
EOG090X07WR	5	2	[1, 1, 1, 1, 1, 1, 3]	1.285714	1.000000	pass
EOG090X07XQ	5	2	[1, 1, 1, 1, 1, 2, 2]	1.285714	1.000000	pass
EOG090X07YB	5	2	[1, 1, 1, 1, 1, 1, 1]	1.000000	1.000000	pass
EOG090X07YX	5	2	[1, 1, 1, 1, 1, 1, 2]	1.142857	1.000000	pass
EOG090X080D	6	2	[1, 1, 1, 1, 1, 1, 1, 2]	1.125000	1.000000	pass
EOG090X080R	6	2	[1, 1, 1, 1, 1, 1, 2, 3]	1.375000	1.000000	pass
EOG090X081V	6	2	[1, 1, 1, 1, 1, 1, 1, 3]	1.250000	1.000000	pass
EOG090X081X	6	2	[1, 1, 1, 1, 1, 1, 1, 2]	1.125000	1.000000	pass
EOG090X0822	6	2	[1, 1, 1, 1, 1, 2, 2, 2]	1.375000	1.000000	pass
EOG090X083C	6	2	[1, 1, 1, 1, 1, 1, 2, 3]	1.375000	1.000000	pass
EOG090X083V	6	2	[1, 1, 1, 1, 1, 1, 2, 2]	1.250000	1.000000	pass
EOG090X0840	6	2	[1, 1, 1, 1, 1, 1, 1, 2]	1.125000	1.000000	pass
EOG090X0844	5	2	[1, 1, 1, 1, 1, 1, 1]	1.000000	1.000000	pass
EOG090X084E	6	2	[1, 1, 1, 1, 1, 1, 1, 2]	1.125000	1.000000	pass
EOG090X0856	6	2	[1, 1, 1, 1, 1, 2, 3, 3]	1.625000	1.000000	pass
EOG090X085R	6	2	[1, 1, 1, 1, 1, 1, 1, 2]	1.125000	1.000000	pass
EOG090X085T	6	2	[1, 1, 1, 1, 1, 2, 3, 3]	1.625000	1.000000	pass
EOG090X0864	6	2	[1, 1, 1, 1, 1, 1, 1, 2]	1.125000	1.000000	pass
EOG090X0867	6	2	[1, 1, 1, 1, 1, 2, 2, 3]	1.500000	1.000000	pass
EOG090X087A	6	2	[1, 1, 1, 1, 1, 1, 2, 2]	1.250000	1.000000	pass
EOG090X088H	6	2	[1, 1, 1, 1, 1, 1, 2, 2]	1.250000	1.000000	pass
EOG090X089S	6	2	[1, 1, 1, 1, 2, 2, 2, 2]	1.500000	1.500000	pass
EOG090X08AZ	6	2	[1, 1, 1, 1, 1, 1, 1, 1]	1.000000	1.000000	pass
EOG090X08BF	6	2	[1, 1, 1, 1, 1, 1, 2, 2]	1.250000	1.000000	pass
EOG090X08BJ	5	1	[1, 1, 1, 1, 1, 1]	1.000000	1.000000	pass
EOG090X08CD	6	2	[1, 1, 1, 1, 1, 1, 1, 2]	1.125000	1.000000	pass
EOG090X08DF	5	2	[1, 1, 1, 1, 1, 1, 2]	1.142857	1.000000	pass
EOG090X08E0	5	2	[1, 1, 1, 2, 2, 2, 2]	1.571429	2.000000	pass
EOG090X08FA	5	2	[1, 1, 1, 1, 1, 1, 3]	1.285714	1.000000	pass
EOG090X08GG	6	2	[1, 1, 1, 1, 1, 1, 2, 2]	1.250000	1.000000	pass
EOG090X08IP	6	2	[1, 1, 1, 1, 1, 1, 3, 3]	1.500000	1.000000	pass
EOG090X08J3	6	2	[1, 1, 1, 2, 2, 2, 2, 3]	1.750000	2.000000	pass
EOG090X08JG	6	2	[1, 1, 1, 1, 1, 1, 2, 3]	1.375000	1.000000	pass
EOG090X08JJ	6	2	[1, 1, 1, 1, 1, 1, 1, 2]	1.125000	1.000000	pass
EOG090X08JU	6	2	[1, 1, 1, 1, 2, 3, 3, 3]	1.875000	1.500000	pass
EOG090X08KD	6	2	[1, 1, 1, 1, 2, 2, 2, 3]	1.625000	1.500000	pass
EOG090X08KI	6	2	[1, 1, 1, 1, 1, 1, 1, 1]	1.000000	1.000000	pass
EOG090X08NC	6	2	[1, 1, 1, 1, 1, 2, 2, 2]	1.375000	1.000000	pass
EOG090X08O3	6	2	[1, 1, 1, 1, 1, 1, 2, 3]	1.375000	1.000000	pass
EOG090X08OG	6	2	[1, 1, 1, 1, 1, 1, 1, 3]	1.250000	1.000000	pass
EOG090X08P9	5	2	[1, 1, 2, 2, 2, 2, 2]	1.714286	2.000000	pass
EOG090X08PA	6	2	[1, 1, 1, 1, 1, 1, 1, 2]	1.125000	1.000000	pass
EOG090X08PK	6	2	[1, 1, 1, 1, 1, 1, 1, 1]	1.000000	1.000000	pass
EOG090X08PQ	6	2	[1, 1, 1, 1, 1, 1, 2, 3]	1.375000	1.000000	pass
EOG090X08PR	6	2	[1, 1, 1, 1, 1, 1, 2, 3]	1.375000	1.000000	pass
EOG090X08QZ	6	2	[1, 1, 1, 1, 1, 2, 2, 2]	1.375000	1.000000	pass
EOG090X08S2	4	2	[1, 1, 1, 1, 1, 1]	1.000000	1.000000	fail (count)
EOG090X08ST	5	2	[1, 1, 1, 1, 2, 3, 3]	1.714286	1.000000	pass
EOG090X08SX	5	2	[1, 1, 1, 1, 1, 1, 1]	1.000000	1.000000	pass
EOG090X08T4	6	2	[1, 1, 1, 1, 1, 1, 1, 1]	1.000000	1.000000	pass
EOG090X08TI	6	2	[1, 1, 1, 2, 2, 3, 3, 3]	2.000000	2.000000	pass
EOG090X08VB	4	2	[1, 1, 1, 1, 2, 2]	1.333333	1.000000	fail (count)
EOG090X08VX	6	2	[1, 1, 1, 1, 1, 1, 2, 2]	1.250000	1.000000	pass
EOG090X08W6	5	2	[1, 1, 1, 1, 1, 3, 3]	1.571429	1.000000	pass
EOG090X08WB	6	2	[1, 1, 1, 1, 1, 1, 1, 2]	1.125000	1.000000	pass
EOG090X08WI	6	2	[1, 1, 1, 1, 1, 1, 1, 1]	1.000000	1.000000	pass
EOG090X08WK	5	1	[1, 1, 1, 1, 1, 2]	1.166667	1.000000	pass
EOG090X08WT	6	2	[1, 1, 1, 1, 1, 1, 1, 1]	1.000000	1.000000	pass
EOG090X08X5	6	2	[1, 1, 1, 1, 1, 1, 1, 2]	1.125000	1.000000	pass
EOG090X08Y3	6	2	[1, 1, 1, 1, 1, 3, 3, 3]	1.750000	1.000000	pass
EOG090X08YX	6	2	[1, 1, 1, 1, 1, 2, 2, 3]	1.500000	1.000000	pass
EOG090X08Z3	6	2	[1, 1, 1, 1, 1, 1, 2, 2]	1.250000	1.000000	pass
EOG090X0906	6	2	[1, 1, 1, 1, 1, 1, 1, 1]	1.000000	1.000000	pass
EOG090X090D	6	2	[1, 1, 1, 1, 1, 2, 2, 3]	1.500000	1.000000	pass
EOG090X090P	5	2	[1, 1, 1, 1, 2, 2, 2]	1.428571	1.000000	pass
EOG090X091L	6	2	[1, 1, 1, 1, 1, 1, 2, 2]	1.250000	1.000000	pass
EOG090X092A	6	0	[1, 1, 1, 1, 2, 2]	1.333333	1.000000	fail (count)
EOG090X093U	6	2	[1, 1, 1, 1, 1, 2, 3, 3]	1.625000	1.000000	pass
EOG090X094T	5	0	[1, 1, 1, 1, 3]	1.400000	1.000000	fail (count)
EOG090X096L	6	2	[1, 1, 1, 1, 1, 1, 1, 1]	1.000000	1.000000	pass
EOG090X0971	6	2	[1, 1, 1, 1, 2, 3, 3, 3]	1.875000	1.500000	pass
EOG090X097L	6	2	[1, 1, 1, 1, 2, 2, 3, 3]	1.750000	1.500000	pass
EOG090X0989	6	2	[1, 1, 1, 1, 1, 1, 1, 1]	1.000000	1.000000	pass
EOG090X098F	6	2	[1, 1, 1, 2, 2, 2, 3, 3]	1.875000	2.000000	pass
EOG090X098P	6	2	[1, 1, 1, 1, 1, 1, 1, 2]	1.125000	1.000000	pass
EOG090X098Y	6	2	[1, 1, 1, 1, 1, 1, 1, 1]	1.000000	1.000000	pass
EOG090X099V	6	2	[1, 1, 2, 2, 2, 3, 3, 3]	2.125000	2.000000	fail (average)
EOG090X09A7	6	2	[1, 1, 1, 1, 1, 1, 2, 2]	1.250000	1.000000	pass
EOG090X09AY	6	2	[1, 1, 1, 1, 1, 1, 2, 2]	1.250000	1.000000	pass
EOG090X09BG	6	2	[1, 1, 1, 1, 1, 1, 2, 2]	1.250000	1.000000	pass
EOG090X09BQ	6	2	[1, 1, 1, 1, 1, 2, 3, 3]	1.625000	1.000000	pass
EOG090X09C5	6	2	[1, 1, 1, 1, 1, 1, 1, 1]	1.000000	1.000000	pass
EOG090X09CU	6	2	[1, 1, 1, 1, 1, 1, 2, 2]	1.250000	1.000000	pass
EOG090X09D3	6	2	[1, 1, 1, 1, 1, 1, 1, 1]	1.000000	1.000000	pass
EOG090X09DD	6	2	[1, 1, 1, 1, 1, 1, 1, 3]	1.250000	1.000000	pass
EOG090X09DI	6	2	[1, 1, 1, 1, 1, 1, 1, 2]	1.125000	1.000000	pass
EOG090X09DZ	6	2	[1, 1, 1, 1, 1, 1, 1, 1]	1.000000	1.000000	pass
EOG090X09EK	5	2	[1, 1, 1, 2, 2, 2, 3]	1.714286	2.000000	pass
EOG090X09EZ	6	2	[1, 1, 1, 1, 1, 1, 1, 2]	1.125000	1.000000	pass
EOG090X09GI	5	2	[1, 1, 1, 1, 1, 1, 1]	1.000000	1.000000	pass
EOG090X09GK	6	2	[1, 1, 1, 1, 1, 1, 2, 2]	1.250000	1.000000	pass
EOG090X09JT	6	2	[1, 1, 1, 1, 1, 2, 2, 3]	1.500000	1.000000	pass
EOG090X09KD	6	2	[1, 1, 1, 1, 1, 2, 3, 3]	1.625000	1.000000	pass
EOG090X09LE	6	2	[1, 1, 1, 1, 1, 2, 2, 2]	1.375000	1.000000	pass
EOG090X09LQ	6	2	[1, 1, 1, 1, 1, 1, 1, 2]	1.125000	1.000000	pass
EOG090X09MN	6	2	[1, 1, 1, 1, 1, 1, 1, 3]	1.250000	1.000000	pass
EOG090X09NN	6	2	[1, 1, 1, 1, 1, 1, 2, 3]	1.375000	1.000000	pass
EOG090X09NR	6	2	[1, 1, 1, 1, 1, 1, 2, 2]	1.250000	1.000000	pass
EOG090X09NT	5	2	[1, 1, 1, 1, 2, 3, 3]	1.714286	1.000000	pass
EOG090X09Q6	6	2	[1, 1, 1, 1, 1, 2, 2, 2]	1.375000	1.000000	pass
EOG090X09QP	6	1	[1, 1, 1, 1, 2, 3, 3]	1.714286	1.000000	pass
EOG090X09QT	6	2	[1, 1, 1, 1, 1, 1, 2, 2]	1.250000	1.000000	pass
EOG090X09RW	6	2	[1, 1, 1, 1, 1, 1, 1, 2]	1.125000	1.000000	pass
EOG090X09SP	6	2	[1, 1, 1, 1, 1, 1, 1, 1]	1.000000	1.000000	pass
EOG090X09TN	6	1	[1, 1, 1, 1, 1, 1, 3]	1.285714	1.000000	pass
EOG090X09TR	2	2	[1, 1, 1, 1]	1.000000	1.000000	fail (count)
EOG090X09U3	6	2	[1, 1, 1, 1, 1, 2, 3, 3]	1.625000	1.000000	pass
EOG090X09U6	6	2	[1, 1, 1, 1, 1, 1, 1, 2]	1.125000	1.000000	pass
EOG090X09U7	6	2	[1, 1, 1, 1, 2, 2, 3, 3]	1.750000	1.500000	pass
EOG090X09UC	6	2	[1, 1, 1, 1, 1, 2, 3, 3]	1.625000	1.000000	pass
EOG090X09V8	6	1	[1, 1, 1, 1, 1, 2, 2]	1.285714	1.000000	pass
EOG090X09VM	5	2	[1, 1, 1, 1, 1, 1, 2]	1.142857	1.000000	pass
EOG090X09VR	6	2	[1, 1, 1, 1, 2, 3, 3, 3]	1.875000	1.500000	pass
EOG090X09WX	6	2	[1, 1, 1, 1, 1, 1, 2, 3]	1.375000	1.000000	pass
EOG090X09XM	5	2	[1, 1, 1, 1, 1, 2, 3]	1.428571	1.000000	pass
EOG090X09YS	6	2	[1, 1, 1, 1, 1, 2, 2, 2]	1.375000	1.000000	pass
EOG090X09ZA	6	2	[1, 1, 1, 1, 2, 2, 2, 3]	1.625000	1.500000	pass
EOG090X09ZU	5	1	[1, 1, 1, 1, 1, 2]	1.166667	1.000000	pass
EOG090X0A0R	6	2	[1, 1, 1, 1, 1, 2, 3, 3]	1.625000	1.000000	pass
EOG090X0A0V	2	1	[1, 2, 2]	1.666667	2.000000	fail (count)
EOG090X0A11	6	2	[1, 1, 1, 1, 1, 1, 1, 2]	1.125000	1.000000	pass
EOG090X0A16	6	2	[1, 1, 1, 1, 1, 1, 2, 2]	1.250000	1.000000	pass
EOG090X0A1W	5	2	[1, 1, 1, 1, 1, 1, 2]	1.142857	1.000000	pass
EOG090X0A2Q	6	2	[1, 1, 1, 1, 1, 2, 2, 3]	1.500000	1.000000	pass
EOG090X0A33	6	2	[1, 1, 1, 2, 2, 2, 2, 2]	1.625000	2.000000	pass
EOG090X0A3R	5	2	[1, 1, 1, 1, 1, 1, 2]	1.142857	1.000000	pass
EOG090X0A4V	4	0	[1, 2, 2, 3]	2.000000	2.000000	fail (count)
EOG090X0A56	6	2	[1, 1, 1, 1, 1, 2, 2, 3]	1.500000	1.000000	pass
EOG090X0A5B	6	2	[1, 1, 1, 1, 1, 1, 2, 2]	1.250000	1.000000	pass
EOG090X0A5G	5	2	[1, 1, 1, 1, 1, 1, 2]	1.142857	1.000000	pass
EOG090X0A5K	6	2	[1, 1, 1, 1, 1, 1, 2, 2]	1.250000	1.000000	pass
EOG090X0A5X	6	2	[1, 1, 1, 1, 1, 1, 3, 3]	1.500000	1.000000	pass
EOG090X0A6P	6	2	[1, 1, 1, 1, 1, 2, 2, 3]	1.500000	1.000000	pass
EOG090X0A8E	6	2	[1, 1, 1, 1, 1, 1, 1, 1]	1.000000	1.000000	pass
EOG090X0A8G	6	2	[1, 1, 1, 1, 2, 2, 3, 3]	1.750000	1.500000	pass
EOG090X0A8N	5	2	[1, 1, 1, 1, 1, 1, 2]	1.142857	1.000000	pass
EOG090X0A90	6	2	[1, 1, 1, 1, 1, 1, 1, 1]	1.000000	1.000000	pass
EOG090X0A9P	4	0	[1, 1, 3, 3]	2.000000	2.000000	fail (count)
EOG090X0AAB	6	2	[1, 1, 1, 1, 1, 1, 1, 2]	1.125000	1.000000	pass
EOG090X0ABW	5	1	[1, 1, 1, 1, 2, 2]	1.333333	1.000000	pass
EOG090X0ACL	6	2	[1, 1, 1, 1, 1, 1, 1, 2]	1.125000	1.000000	pass
EOG090X0ACT	6	2	[1, 1, 1, 1, 1, 1, 1, 1]	1.000000	1.000000	pass
EOG090X0ACU	6	2	[1, 1, 1, 1, 1, 2, 2, 2]	1.375000	1.000000	pass
EOG090X0ADH	6	2	[1, 1, 1, 1, 1, 1, 3, 3]	1.500000	1.000000	pass
EOG090X0ADS	5	2	[1, 1, 1, 1, 1, 1, 2]	1.142857	1.000000	pass
EOG090X0ADZ	6	2	[1, 1, 1, 1, 1, 1, 2, 2]	1.250000	1.000000	pass
EOG090X0AE1	6	2	[1, 1, 1, 1, 1, 2, 2, 3]	1.500000	1.000000	pass
EOG090X0AGI	6	2	[1, 1, 1, 2, 3, 3, 3, 3]	2.125000	2.500000	fail (average) (median)
EOG090X0AGU	6	2	[1, 1, 1, 1, 1, 1, 2, 3]	1.375000	1.000000	pass
EOG090X0AH4	6	2	[1, 1, 1, 1, 2, 2, 2, 3]	1.625000	1.500000	pass
EOG090X0AI9	6	2	[1, 1, 1, 1, 1, 1, 2, 3]	1.375000	1.000000	pass
EOG090X0AIB	5	2	[1, 1, 1, 1, 1, 2, 2]	1.285714	1.000000	pass
EOG090X0AIN	6	2	[1, 1, 1, 1, 1, 1, 1, 2]	1.125000	1.000000	pass
EOG090X0AJ3	6	2	[1, 1, 2, 3, 3, 3, 3, 3]	2.375000	3.000000	fail (average) (median)
EOG090X0AJZ	6	2	[1, 1, 1, 1, 1, 1, 2, 3]	1.375000	1.000000	pass
EOG090X0AKT	6	2	[1, 1, 1, 1, 1, 1, 2, 2]	1.250000	1.000000	pass
EOG090X0AKX	5	2	[1, 1, 1, 1, 1, 2, 3]	1.428571	1.000000	pass
EOG090X0ALT	6	2	[1, 1, 1, 1, 1, 1, 2, 2]	1.250000	1.000000	pass
EOG090X0AMT	5	2	[1, 1, 1, 1, 1, 2, 3]	1.428571	1.000000	pass
EOG090X0APE	6	2	[1, 1, 1, 1, 1, 1, 1, 2]	1.125000	1.000000	pass
EOG090X0APF	6	2	[1, 1, 1, 1, 2, 2, 2, 2]	1.500000	1.500000	pass
EOG090X0APJ	6	2	[1, 1, 1, 1, 1, 1, 1, 3]	1.250000	1.000000	pass
EOG090X0AQE	6	2	[1, 1, 1, 1, 1, 1, 1, 2]	1.125000	1.000000	pass
EOG090X0AQG	6	2	[1, 1, 1, 1, 1, 2, 2, 2]	1.375000	1.000000	pass
EOG090X0AQH	6	2	[1, 1, 1, 1, 1, 1, 1, 1]	1.000000	1.000000	pass
EOG090X0AQP	6	2	[1, 1, 1, 1, 1, 1, 1, 2]	1.125000	1.000000	pass
EOG090X0AR4	5	2	[1, 1, 1, 1, 1, 2, 3]	1.428571	1.000000	pass
EOG090X0ARF	6	2	[1, 1, 1, 1, 1, 1, 1, 2]	1.125000	1.000000	pass
EOG090X0ARU	6	2	[1, 1, 1, 1, 1, 1, 2, 2]	1.250000	1.000000	pass
EOG090X0ASF	6	2	[1, 1, 1, 1, 1, 1, 2, 3]	1.375000	1.000000	pass
EOG090X0ASS	6	2	[1, 1, 1, 1, 1, 1, 1, 2]	1.125000	1.000000	pass
EOG090X0ATU	6	2	[1, 1, 1, 1, 1, 1, 1, 1]	1.000000	1.000000	pass
EOG090X0AU0	6	2	[1, 1, 1, 1, 1, 1, 1, 1]	1.000000	1.000000	pass
EOG090X0AUC	6	2	[1, 1, 1, 1, 1, 1, 1, 2]	1.125000	1.000000	pass
EOG090X0AV2	6	2	[1, 1, 1, 1, 1, 1, 1, 1]	1.000000	1.000000	pass
EOG090X0AVB	6	2	[1, 1, 1, 1, 1, 1, 2, 3]	1.375000	1.000000	pass
EOG090X0AVC	6	2	[1, 1, 1, 1, 1, 1, 1, 3]	1.250000	1.000000	pass
EOG090X0AVI	5	2	[1, 1, 1, 1, 1, 2, 3]	1.428571	1.000000	pass
EOG090X0AVR	6	2	[1, 1, 1, 1, 1, 1, 2, 2]	1.250000	1.000000	pass
EOG090X0AVX	6	2	[1, 1, 1, 1, 1, 1, 1, 2]	1.125000	1.000000	pass
EOG090X0AW0	6	2	[1, 1, 1, 1, 1, 1, 1, 2]	1.125000	1.000000	pass
EOG090X0AX4	4	2	[1, 1, 1, 2, 3, 3]	1.833333	1.500000	fail (count)
EOG090X0AXR	6	2	[1, 1, 1, 1, 2, 2, 3, 3]	1.750000	1.500000	pass
EOG090X0AZ6	5	2	[1, 1, 1, 1, 2, 2, 2]	1.428571	1.000000	pass
EOG090X0B12	6	2	[1, 1, 1, 1, 1, 2, 2, 3]	1.500000	1.000000	pass
EOG090X0B17	6	2	[1, 1, 2, 2, 2, 3, 3, 3]	2.125000	2.000000	fail (average)
EOG090X0B2Q	5	2	[1, 1, 1, 1, 1, 1, 1]	1.000000	1.000000	pass
EOG090X0B3F	6	2	[1, 1, 1, 1, 1, 1, 2, 2]	1.250000	1.000000	pass
EOG090X0B4J	6	2	[1, 1, 1, 1, 1, 1, 2, 3]	1.375000	1.000000	pass
EOG090X0B5N	6	2	[1, 1, 1, 1, 1, 1, 1, 3]	1.250000	1.000000	pass
EOG090X0B66	6	2	[1, 1, 1, 1, 1, 1, 1, 2]	1.125000	1.000000	pass
EOG090X0B67	6	2	[1, 1, 1, 2, 2, 2, 3, 3]	1.875000	2.000000	pass
EOG090X0B72	6	2	[1, 1, 1, 1, 1, 1, 1, 2]	1.125000	1.000000	pass
EOG090X0B7I	6	2	[1, 1, 1, 1, 1, 2, 2, 3]	1.500000	1.000000	pass
EOG090X0B8X	4	0	[1, 1, 2, 3]	1.750000	1.500000	fail (count)
EOG090X0B9X	6	2	[1, 1, 1, 1, 1, 1, 2, 3]	1.375000	1.000000	pass
EOG090X0BA1	6	2	[1, 1, 1, 1, 1, 1, 1, 1]	1.000000	1.000000	pass
EOG090X0BA8	6	2	[1, 1, 1, 1, 1, 2, 2, 3]	1.500000	1.000000	pass
EOG090X0BAY	5	1	[1, 1, 1, 1, 2, 2]	1.333333	1.000000	pass
EOG090X0BB3	6	2	[1, 1, 1, 1, 1, 2, 2, 2]	1.375000	1.000000	pass
EOG090X0BBH	6	2	[1, 1, 1, 1, 1, 1, 1, 3]	1.250000	1.000000	pass
EOG090X0BBW	6	2	[1, 1, 1, 1, 1, 1, 1, 2]	1.125000	1.000000	pass
EOG090X0BCY	6	0	[1, 1, 1, 1, 1, 2]	1.166667	1.000000	fail (count)
EOG090X0BDJ	6	2	[1, 1, 1, 1, 1, 2, 2, 2]	1.375000	1.000000	pass
EOG090X0BEK	6	2	[1, 1, 1, 1, 1, 1, 1, 2]	1.125000	1.000000	pass
EOG090X0BEM	6	1	[1, 1, 1, 2, 2, 2, 3]	1.714286	2.000000	pass
EOG090X0BEO	6	1	[1, 1, 1, 1, 1, 1, 2]	1.142857	1.000000	pass
EOG090X0BFL	5	2	[1, 1, 1, 1, 1, 3, 3]	1.571429	1.000000	pass
EOG090X0BFR	6	2	[1, 1, 1, 1, 2, 2, 3, 3]	1.750000	1.500000	pass
EOG090X0BG9	6	2	[1, 1, 1, 1, 1, 2, 2, 2]	1.375000	1.000000	pass
EOG090X0BGA	6	2	[1, 1, 1, 1, 1, 1, 2, 2]	1.250000	1.000000	pass
EOG090X0BHT	6	2	[1, 1, 1, 1, 1, 1, 1, 3]	1.250000	1.000000	pass
EOG090X0BIY	6	2	[1, 1, 1, 1, 1, 1, 1, 1]	1.000000	1.000000	pass
EOG090X0BJA	6	1	[1, 1, 1, 1, 1, 1, 2]	1.142857	1.000000	pass
EOG090X0BKI	6	2	[1, 1, 1, 1, 1, 2, 2, 2]	1.375000	1.000000	pass
EOG090X0BKO	6	2	[1, 1, 1, 1, 1, 1, 2, 3]	1.375000	1.000000	pass
EOG090X0BLH	6	2	[1, 1, 1, 1, 2, 2, 2, 2]	1.500000	1.500000	pass
EOG090X0BM0	5	2	[1, 1, 2, 2, 2, 3, 3]	2.000000	2.000000	pass
EOG090X0BM2	6	2	[1, 1, 1, 1, 1, 1, 1, 1]	1.000000	1.000000	pass
EOG090X0BMA	6	2	[1, 1, 1, 2, 2, 3, 3, 3]	2.000000	2.000000	pass
EOG090X0BNZ	6	2	[1, 1, 1, 1, 1, 1, 1, 2]	1.125000	1.000000	pass
EOG090X0BOE	6	2	[1, 1, 1, 1, 1, 2, 2, 3]	1.500000	1.000000	pass
EOG090X0BPM	6	2	[1, 1, 1, 1, 1, 1, 1, 1]	1.000000	1.000000	pass
EOG090X0BPX	6	2	[1, 1, 1, 1, 1, 1, 2, 3]	1.375000	1.000000	pass
EOG090X0BSB	6	2	[1, 1, 1, 1, 1, 1, 2, 2]	1.250000	1.000000	pass
EOG090X0BSC	6	2	[1, 1, 1, 1, 1, 1, 1, 2]	1.125000	1.000000	pass
EOG090X0BTB	5	2	[1, 1, 1, 2, 2, 3, 3]	1.857143	2.000000	pass
EOG090X0BTZ	6	1	[1, 1, 1, 1, 1, 1, 3]	1.285714	1.000000	pass
EOG090X0BVA	6	2	[1, 1, 1, 2, 2, 2, 2, 3]	1.750000	2.000000	pass
EOG090X0BVL	5	2	[1, 1, 1, 1, 1, 1, 2]	1.142857	1.000000	pass
EOG090X0BVS	6	2	[1, 1, 1, 1, 1, 3, 3, 3]	1.750000	1.000000	pass
EOG090X0BW7	5	2	[1, 1, 1, 1, 2, 2, 2]	1.428571	1.000000	pass
EOG090X0BWK	6	2	[1, 1, 1, 1, 1, 1, 1, 2]	1.125000	1.000000	pass
EOG090X0BWU	6	2	[1, 1, 1, 1, 1, 2, 3, 3]	1.625000	1.000000	pass
EOG090X0BWZ	6	2	[1, 1, 1, 1, 1, 1, 1, 2]	1.125000	1.000000	pass
EOG090X0BXN	6	1	[1, 1, 1, 1, 1, 1, 1]	1.000000	1.000000	pass
EOG090X0BXY	6	2	[1, 1, 1, 1, 1, 1, 1, 1]	1.000000	1.000000	pass
EOG090X0C09	6	1	[1, 1, 1, 1, 1, 1, 3]	1.285714	1.000000	pass
EOG090X0C0Q	6	0	[1, 1, 1, 2, 2, 2]	1.500000	1.500000	fail (count)
EOG090X0C3N	6	0	[1, 1, 1, 2, 2, 2]	1.500000	1.500000	fail (count)
EOG090X0C3Y	6	2	[1, 1, 1, 1, 1, 1, 2, 2]	1.250000	1.000000	pass
EOG090X0C57	6	1	[1, 1, 1, 2, 2, 2, 2]	1.571429	2.000000	pass
EOG090X0C5B	6	2	[1, 1, 1, 1, 1, 1, 1, 2]	1.125000	1.000000	pass
EOG090X0C5N	6	2	[1, 1, 1, 1, 1, 1, 1, 1]	1.000000	1.000000	pass
EOG090X0C5S	5	2	[1, 1, 1, 1, 1, 2, 2]	1.285714	1.000000	pass
EOG090X0C5Y	6	2	[1, 1, 1, 1, 1, 1, 1, 1]	1.000000	1.000000	pass
EOG090X0C6V	6	2	[1, 1, 1, 1, 1, 2, 2, 3]	1.500000	1.000000	pass
EOG090X0C7N	6	2	[1, 1, 1, 1, 1, 1, 1, 3]	1.250000	1.000000	pass
EOG090X0C93	6	2	[1, 1, 1, 1, 2, 2, 3, 3]	1.750000	1.500000	pass
EOG090X0C9C	6	2	[1, 1, 1, 1, 1, 1, 1, 1]	1.000000	1.000000	pass
EOG090X0C9F	6	2	[1, 1, 1, 1, 1, 1, 2, 2]	1.250000	1.000000	pass
EOG090X0CAM	6	2	[1, 1, 1, 1, 1, 2, 3, 3]	1.625000	1.000000	pass
EOG090X0CAY	6	2	[1, 1, 1, 1, 1, 1, 1, 1]	1.000000	1.000000	pass
EOG090X0CBU	5	2	[1, 1, 1, 2, 2, 3, 3]	1.857143	2.000000	pass
EOG090X0CBY	6	2	[1, 1, 1, 1, 1, 1, 1, 1]	1.000000	1.000000	pass
EOG090X0CCZ	6	2	[1, 1, 1, 1, 1, 2, 2, 2]	1.375000	1.000000	pass
EOG090X0CDS	6	2	[1, 1, 1, 1, 1, 1, 1, 3]	1.250000	1.000000	pass
EOG090X0CE5	6	2	[1, 1, 1, 1, 1, 1, 1, 3]	1.250000	1.000000	pass
EOG090X0CFQ	6	2	[1, 1, 1, 1, 1, 1, 2, 2]	1.250000	1.000000	pass
EOG090X0CFU	6	2	[1, 1, 1, 1, 1, 1, 1, 2]	1.125000	1.000000	pass
EOG090X0CGE	6	2	[1, 1, 1, 1, 1, 1, 2, 2]	1.250000	1.000000	pass
EOG090X0CGF	5	2	[1, 1, 1, 1, 1, 1, 2]	1.142857	1.000000	pass
EOG090X0CJ3	6	1	[1, 1, 1, 1, 1, 1, 2]	1.142857	1.000000	pass
EOG090X0CJA	6	2	[1, 1, 1, 1, 1, 1, 3, 3]	1.500000	1.000000	pass
EOG090X0CJG	6	2	[1, 1, 1, 1, 1, 1, 2, 2]	1.250000	1.000000	pass
EOG090X0CKF	6	2	[1, 1, 1, 1, 1, 1, 1, 2]	1.125000	1.000000	pass
EOG090X0CKJ	5	2	[1, 1, 1, 1, 1, 2, 2]	1.285714	1.000000	pass
EOG090X0CKL	5	1	[1, 1, 1, 1, 1, 3]	1.333333	1.000000	pass
EOG090X0CKN	6	2	[1, 1, 1, 1, 1, 1, 2, 2]	1.250000	1.000000	pass
EOG090X0CO7	6	2	[1, 1, 1, 1, 1, 1, 1, 2]	1.125000	1.000000	pass
EOG090X0COM	6	2	[1, 1, 1, 1, 1, 1, 1, 3]	1.250000	1.000000	pass
EOG090X0CQ9	6	2	[1, 1, 1, 1, 1, 1, 1, 1]	1.000000	1.000000	pass
EOG090X0CQA	6	0	[1, 1, 1, 1, 2, 2]	1.333333	1.000000	fail (count)
EOG090X0CST	6	2	[1, 1, 1, 1, 1, 1, 1, 2]	1.125000	1.000000	pass
EOG090X0CTI	6	2	[1, 1, 1, 1, 1, 1, 1, 2]	1.125000	1.000000	pass
EOG090X0CTK	6	0	[1, 1, 1, 1, 2, 2]	1.333333	1.000000	fail (count)
EOG090X0CWA	6	2	[1, 1, 1, 2, 2, 2, 2, 3]	1.750000	2.000000	pass
EOG090X0CZM	6	2	[1, 1, 1, 1, 1, 1, 2, 2]	1.250000	1.000000	pass
EOG090X0CZV	6	2	[1, 1, 1, 1, 1, 2, 3, 3]	1.625000	1.000000	pass
EOG090X0D00	6	2	[1, 1, 1, 1, 1, 1, 2, 2]	1.250000	1.000000	pass
EOG090X0D01	6	2	[1, 1, 2, 2, 3, 3, 3, 3]	2.250000	2.500000	fail (average) (median)
EOG090X0D0V	6	2	[1, 1, 1, 1, 1, 1, 2, 2]	1.250000	1.000000	pass
EOG090X0D1G	6	2	[1, 1, 1, 1, 1, 2, 2, 2]	1.375000	1.000000	pass
EOG090X0D2W	6	2	[1, 1, 1, 1, 1, 1, 2, 2]	1.250000	1.000000	pass
EOG090X0D30	6	2	[1, 1, 1, 1, 1, 1, 2, 3]	1.375000	1.000000	pass
EOG090X0D34	6	2	[1, 1, 1, 1, 1, 1, 1, 1]	1.000000	1.000000	pass
EOG090X0D3U	6	2	[1, 1, 1, 1, 1, 2, 2, 3]	1.500000	1.000000	pass
EOG090X0D4M	6	2	[1, 1, 1, 1, 1, 1, 2, 2]	1.250000	1.000000	pass
EOG090X0D82	6	2	[1, 1, 1, 1, 1, 1, 2, 2]	1.250000	1.000000	pass
EOG090X0D84	6	2	[1, 1, 1, 1, 1, 2, 2, 2]	1.375000	1.000000	pass
EOG090X0D99	6	2	[1, 1, 1, 1, 1, 1, 1, 1]	1.000000	1.000000	pass
EOG090X0D9B	6	2	[1, 1, 1, 1, 1, 1, 1, 2]	1.125000	1.000000	pass
EOG090X0DAO	6	2	[1, 1, 1, 1, 1, 2, 2, 2]	1.375000	1.000000	pass
EOG090X0DBE	6	2	[1, 1, 1, 1, 1, 1, 2, 3]	1.375000	1.000000	pass
EOG090X0DDP	6	2	[1, 1, 1, 1, 1, 1, 1, 2]	1.125000	1.000000	pass
EOG090X0DE4	6	2	[1, 1, 1, 1, 2, 2, 2, 2]	1.500000	1.500000	pass
EOG090X0DEG	6	2	[1, 1, 1, 2, 3, 3, 3, 3]	2.125000	2.500000	fail (average) (median)
EOG090X0DEX	6	2	[1, 1, 1, 1, 1, 1, 1, 2]	1.125000	1.000000	pass
EOG090X0DHL	6	2	[1, 1, 1, 1, 1, 1, 2, 2]	1.250000	1.000000	pass
EOG090X0DK3	6	2	[1, 1, 1, 1, 1, 1, 1, 3]	1.250000	1.000000	pass
EOG090X0DK6	4	2	[1, 1, 1, 1, 1, 2]	1.166667	1.000000	fail (count)
EOG090X0DL4	6	2	[1, 1, 1, 1, 1, 1, 2, 2]	1.250000	1.000000	pass
EOG090X0DLG	5	2	[1, 1, 1, 1, 1, 1, 1]	1.000000	1.000000	pass
EOG090X0DLH	6	2	[1, 1, 1, 1, 1, 1, 2, 2]	1.250000	1.000000	pass
EOG090X0DMT	6	2	[1, 1, 1, 2, 2, 2, 3, 3]	1.875000	2.000000	pass
EOG090X0DNH	6	2	[1, 1, 1, 1, 1, 1, 1, 3]	1.250000	1.000000	pass
EOG090X0DNU	6	2	[1, 1, 1, 1, 1, 2, 2, 2]	1.375000	1.000000	pass
EOG090X0DNW	6	2	[1, 1, 1, 1, 2, 2, 2, 2]	1.500000	1.500000	pass
EOG090X0DP2	6	2	[1, 1, 1, 1, 1, 1, 2, 2]	1.250000	1.000000	pass
EOG090X0DPU	6	2	[1, 1, 1, 2, 2, 2, 2, 3]	1.750000	2.000000	pass
EOG090X0DSH	6	2	[1, 1, 1, 1, 1, 1, 1, 2]	1.125000	1.000000	pass
EOG090X0DT2	6	2	[1, 1, 1, 1, 1, 1, 2, 2]	1.250000	1.000000	pass
EOG090X0DUJ	6	2	[1, 1, 1, 1, 1, 1, 1, 2]	1.125000	1.000000	pass
EOG090X0DUK	5	2	[1, 1, 1, 1, 1, 2, 2]	1.285714	1.000000	pass
EOG090X0DUU	6	2	[1, 1, 1, 1, 3, 3, 3, 3]	2.000000	2.000000	pass
EOG090X0DWF	6	2	[1, 1, 1, 1, 1, 1, 2, 2]	1.250000	1.000000	pass
EOG090X0DWG	6	2	[1, 1, 1, 1, 1, 2, 2, 2]	1.375000	1.000000	pass
EOG090X0DX5	6	2	[1, 1, 1, 1, 1, 1, 1, 3]	1.250000	1.000000	pass
EOG090X0DX7	5	2	[1, 1, 2, 2, 3, 3, 3]	2.142857	2.000000	fail (average)
EOG090X0DXI	6	2	[1, 1, 1, 1, 2, 2, 3, 3]	1.750000	1.500000	pass
EOG090X0DYF	6	2	[1, 1, 1, 1, 2, 2, 3, 3]	1.750000	1.500000	pass
EOG090X0DYO	6	2	[1, 1, 1, 1, 1, 1, 1, 2]	1.125000	1.000000	pass
EOG090X0DZ9	5	2	[1, 1, 1, 1, 1, 1, 2]	1.142857	1.000000	pass
EOG090X0DZY	6	1	[1, 1, 1, 1, 1, 1, 2]	1.142857	1.000000	pass
EOG090X0E0D	6	2	[1, 1, 1, 1, 1, 1, 1, 1]	1.000000	1.000000	pass
EOG090X0E0F	6	2	[1, 1, 2, 3, 3, 3, 3, 3]	2.375000	3.000000	fail (average) (median)
EOG090X0E0P	6	2	[1, 1, 1, 1, 1, 1, 1, 3]	1.250000	1.000000	pass
EOG090X0E3B	6	2	[1, 1, 1, 1, 1, 1, 1, 3]	1.250000	1.000000	pass
EOG090X0E4R	6	2	[1, 1, 1, 1, 1, 1, 2, 2]	1.250000	1.000000	pass
EOG090X0E58	6	2	[1, 1, 1, 1, 1, 1, 3, 3]	1.500000	1.000000	pass
EOG090X0E68	6	2	[1, 1, 1, 2, 2, 2, 3, 3]	1.875000	2.000000	pass
EOG090X0E6P	6	2	[1, 1, 1, 1, 1, 1, 2, 2]	1.250000	1.000000	pass
EOG090X0E8U	6	1	[1, 1, 1, 1, 1, 1, 2]	1.142857	1.000000	pass
EOG090X0EA1	6	2	[1, 1, 1, 1, 1, 1, 2, 2]	1.250000	1.000000	pass
EOG090X0EAO	6	2	[1, 1, 1, 1, 1, 1, 2, 2]	1.250000	1.000000	pass
EOG090X0EB8	6	2	[1, 1, 1, 1, 1, 1, 1, 1]	1.000000	1.000000	pass
EOG090X0ECA	6	2	[1, 1, 1, 1, 1, 1, 2, 3]	1.375000	1.000000	pass
EOG090X0ECZ	6	2	[1, 1, 1, 1, 1, 1, 1, 1]	1.000000	1.000000	pass
EOG090X0ED2	6	1	[1, 1, 1, 1, 1, 2, 2]	1.285714	1.000000	pass
EOG090X0EDZ	6	2	[1, 1, 1, 1, 1, 1, 1, 2]	1.125000	1.000000	pass
EOG090X0EEC	6	2	[1, 1, 1, 1, 1, 1, 2, 2]	1.250000	1.000000	pass
EOG090X0EEI	6	0	[1, 1, 1, 1, 1, 1]	1.000000	1.000000	fail (count)
EOG090X0EEU	6	2	[1, 1, 1, 1, 1, 2, 2, 3]	1.500000	1.000000	pass
EOG090X0EF4	6	2	[1, 1, 1, 1, 1, 1, 1, 2]	1.125000	1.000000	pass
EOG090X0EG2	5	2	[1, 1, 1, 1, 1, 1, 2]	1.142857	1.000000	pass
EOG090X0EI4	5	2	[1, 1, 1, 1, 1, 1, 2]	1.142857	1.000000	pass
EOG090X0EJA	5	2	[1, 1, 1, 1, 2, 2, 3]	1.571429	1.000000	pass
EOG090X0EJM	6	2	[1, 1, 1, 1, 2, 2, 2, 3]	1.625000	1.500000	pass
EOG090X0EJQ	6	2	[1, 1, 1, 1, 1, 1, 2, 3]	1.375000	1.000000	pass
EOG090X0EJY	6	2	[1, 1, 1, 1, 1, 1, 2, 3]	1.375000	1.000000	pass
EOG090X0ENV	6	2	[1, 1, 1, 1, 1, 1, 2, 2]	1.250000	1.000000	pass
EOG090X0EO1	5	2	[1, 1, 1, 1, 2, 2, 3]	1.571429	1.000000	pass
EOG090X0EPM	6	2	[1, 1, 1, 1, 1, 1, 2, 2]	1.250000	1.000000	pass
EOG090X0EPP	6	0	[1, 1, 1, 2, 3, 3]	1.833333	1.500000	fail (count)
EOG090X0EPT	5	1	[1, 1, 1, 3, 3, 3]	2.000000	2.000000	pass
EOG090X0ESA	6	2	[1, 1, 1, 1, 1, 1, 1, 2]	1.125000	1.000000	pass
EOG090X0ESN	6	2	[1, 1, 1, 1, 1, 1, 1, 3]	1.250000	1.000000	pass
EOG090X0ETF	6	2	[1, 1, 1, 1, 1, 1, 1, 2]	1.125000	1.000000	pass
EOG090X0EUO	6	2	[1, 1, 1, 1, 1, 2, 2, 3]	1.500000	1.000000	pass
EOG090X0EV6	6	2	[1, 1, 1, 1, 1, 1, 2, 3]	1.375000	1.000000	pass
EOG090X0EVF	6	2	[1, 1, 1, 1, 1, 2, 2, 2]	1.375000	1.000000	pass
EOG090X0EWC	6	2	[1, 1, 1, 1, 1, 2, 2, 3]	1.500000	1.000000	pass
EOG090X0EWQ	6	2	[1, 1, 1, 1, 1, 1, 2, 2]	1.250000	1.000000	pass
EOG090X0EXU	6	2	[1, 1, 1, 1, 2, 2, 3, 3]	1.750000	1.500000	pass
EOG090X0EYT	5	2	[1, 1, 1, 1, 2, 2, 3]	1.571429	1.000000	pass
EOG090X0EYV	2	1	[1, 1, 2]	1.333333	1.000000	fail (count)
EOG090X0EZJ	6	2	[1, 1, 1, 1, 1, 1, 1, 2]	1.125000	1.000000	pass
EOG090X0F1W	6	0	[1, 1, 2, 2, 2, 3]	1.833333	2.000000	fail (count)
EOG090X0F26	6	2	[1, 1, 1, 1, 1, 1, 1, 3]	1.250000	1.000000	pass
EOG090X0F2L	6	2	[1, 1, 1, 1, 1, 1, 2, 2]	1.250000	1.000000	pass
EOG090X0F39	6	2	[1, 1, 1, 1, 1, 2, 2, 2]	1.375000	1.000000	pass
EOG090X0F3A	6	2	[1, 1, 1, 1, 1, 1, 1, 1]	1.000000	1.000000	pass
EOG090X0F6V	6	2	[1, 1, 1, 1, 1, 1, 1, 1]	1.000000	1.000000	pass
EOG090X0F73	6	2	[1, 1, 1, 1, 2, 2, 3, 3]	1.750000	1.500000	pass
EOG090X0F7F	6	2	[1, 1, 1, 1, 1, 1, 2, 3]	1.375000	1.000000	pass
EOG090X0F7H	6	2	[1, 1, 1, 1, 1, 2, 2, 2]	1.375000	1.000000	pass
EOG090X0F8M	6	2	[1, 1, 1, 1, 1, 1, 1, 1]	1.000000	1.000000	pass
EOG090X0F8Y	6	2	[1, 1, 1, 1, 1, 1, 2, 2]	1.250000	1.000000	pass
EOG090X0F8Z	6	0	[1, 1, 1, 1, 1, 1]	1.000000	1.000000	fail (count)
EOG090X0FA0	6	2	[1, 1, 1, 1, 1, 1, 2, 2]	1.250000	1.000000	pass
EOG090X0FDS	6	2	[1, 1, 1, 1, 1, 1, 2, 2]	1.250000	1.000000	pass
EOG090X0FGQ	6	1	[1, 1, 1, 1, 1, 1, 3]	1.285714	1.000000	pass
EOG090X0FH3	5	2	[1, 1, 1, 1, 1, 1, 2]	1.142857	1.000000	pass
EOG090X0FHK	6	2	[1, 1, 1, 1, 1, 1, 2, 2]	1.250000	1.000000	pass
EOG090X0FHR	6	2	[1, 1, 1, 1, 1, 1, 2, 2]	1.250000	1.000000	pass
EOG090X0FI9	6	2	[1, 1, 1, 1, 1, 2, 2, 3]	1.500000	1.000000	pass
EOG090X0FIE	6	2	[1, 1, 1, 1, 1, 1, 1, 3]	1.250000	1.000000	pass
EOG090X0FII	5	1	[1, 1, 1, 1, 1, 2]	1.166667	1.000000	pass
EOG090X0FJX	5	2	[1, 1, 1, 1, 2, 3, 3]	1.714286	1.000000	pass
EOG090X0FKI	6	2	[1, 1, 1, 1, 1, 2, 2, 3]	1.500000	1.000000	pass
EOG090X0FOW	6	2	[1, 1, 1, 1, 1, 1, 1, 1]	1.000000	1.000000	pass
EOG090X0FP3	4	2	[1, 1, 2, 2, 2, 3]	1.833333	2.000000	fail (count)
EOG090X0FQ5	6	2	[1, 1, 1, 1, 1, 1, 2, 2]	1.250000	1.000000	pass
EOG090X0FQ8	6	2	[1, 1, 1, 1, 2, 2, 2, 3]	1.625000	1.500000	pass
EOG090X0FQ9	6	2	[1, 1, 1, 1, 1, 1, 2, 3]	1.375000	1.000000	pass
EOG090X0FQT	6	2	[1, 1, 1, 1, 2, 2, 3, 3]	1.750000	1.500000	pass
EOG090X0FS4	6	2	[1, 1, 1, 1, 1, 2, 2, 3]	1.500000	1.000000	pass
EOG090X0FS6	6	1	[1, 1, 1, 1, 1, 1, 3]	1.285714	1.000000	pass
EOG090X0FS7	5	2	[1, 1, 1, 2, 2, 2, 3]	1.714286	2.000000	pass
EOG090X0FS9	6	2	[1, 1, 1, 1, 1, 2, 3, 3]	1.625000	1.000000	pass
EOG090X0FVI	6	2	[1, 1, 1, 2, 2, 3, 3, 3]	2.000000	2.000000	pass
EOG090X0FYC	5	2	[1, 1, 1, 1, 2, 2, 3]	1.571429	1.000000	pass
EOG090X0FYD	6	2	[1, 1, 1, 1, 1, 1, 2, 2]	1.250000	1.000000	pass
EOG090X0G38	6	2	[1, 1, 1, 1, 1, 1, 2, 2]	1.250000	1.000000	pass
EOG090X0G3O	6	2	[1, 1, 1, 1, 1, 2, 2, 2]	1.375000	1.000000	pass
EOG090X0G3U	6	2	[1, 1, 1, 1, 1, 1, 1, 3]	1.250000	1.000000	pass
EOG090X0G5X	5	2	[1, 1, 1, 1, 1, 2, 2]	1.285714	1.000000	pass
EOG090X0G6M	6	2	[1, 1, 1, 1, 1, 1, 2, 3]	1.375000	1.000000	pass
EOG090X0G73	6	2	[1, 1, 1, 1, 2, 3, 3, 3]	1.875000	1.500000	pass
EOG090X0G74	6	2	[1, 1, 1, 1, 1, 2, 2, 3]	1.500000	1.000000	pass
EOG090X0G8U	6	2	[1, 1, 1, 1, 1, 1, 1, 2]	1.125000	1.000000	pass
EOG090X0GAD	6	2	[1, 1, 1, 1, 2, 2, 3, 3]	1.750000	1.500000	pass
EOG090X0GC9	6	2	[1, 1, 1, 1, 1, 1, 2, 2]	1.250000	1.000000	pass
EOG090X0GEX	6	0	[1, 1, 2, 2, 3, 3]	2.000000	2.000000	fail (count)
EOG090X0GHI	6	2	[1, 1, 1, 1, 1, 1, 2, 3]	1.375000	1.000000	pass
EOG090X0GIP	6	0	[1, 1, 1, 2, 2, 2]	1.500000	1.500000	fail (count)
EOG090X0GJG	6	2	[1, 1, 1, 1, 1, 1, 1, 1]	1.000000	1.000000	pass
EOG090X0GKM	6	2	[1, 1, 1, 1, 1, 2, 2, 2]	1.375000	1.000000	pass
EOG090X0GLS	4	0	[1, 1, 1, 1]	1.000000	1.000000	fail (count)
EOG090X0GME	6	2	[1, 1, 1, 2, 2, 2, 2, 2]	1.625000	2.000000	pass
EOG090X0GMO	6	2	[1, 1, 1, 1, 1, 2, 2, 2]	1.375000	1.000000	pass
EOG090X0GN3	6	2	[1, 1, 1, 1, 1, 1, 2, 2]	1.250000	1.000000	pass
EOG090X0GNX	6	2	[1, 1, 1, 1, 1, 1, 2, 2]	1.250000	1.000000	pass
EOG090X0GO2	6	2	[1, 1, 1, 1, 1, 1, 1, 2]	1.125000	1.000000	pass
EOG090X0GO7	6	2	[1, 1, 1, 1, 1, 1, 1, 2]	1.125000	1.000000	pass
EOG090X0GOA	6	2	[1, 1, 1, 1, 1, 1, 1, 1]	1.000000	1.000000	pass
EOG090X0GP9	6	2	[1, 1, 1, 1, 1, 2, 3, 3]	1.625000	1.000000	pass
EOG090X0GPB	6	2	[1, 1, 1, 2, 2, 2, 3, 3]	1.875000	2.000000	pass
EOG090X0GPG	6	2	[1, 1, 1, 1, 1, 2, 2, 2]	1.375000	1.000000	pass
EOG090X0GSS	6	2	[1, 1, 1, 1, 1, 1, 1, 2]	1.125000	1.000000	pass
EOG090X0GT4	6	2	[1, 1, 1, 1, 2, 2, 2, 2]	1.500000	1.500000	pass
EOG090X0GV5	6	2	[1, 1, 1, 1, 1, 1, 2, 3]	1.375000	1.000000	pass
EOG090X0GVI	6	2	[1, 1, 1, 1, 1, 1, 1, 2]	1.125000	1.000000	pass
EOG090X0GXS	5	2	[1, 1, 1, 1, 1, 1, 2]	1.142857	1.000000	pass
EOG090X0GY1	6	2	[1, 1, 1, 1, 1, 1, 1, 1]	1.000000	1.000000	pass
EOG090X0GY7	6	2	[1, 1, 1, 1, 1, 1, 1, 1]	1.000000	1.000000	pass
EOG090X0GYO	5	2	[1, 1, 1, 1, 1, 1, 2]	1.142857	1.000000	pass
EOG090X0GZE	6	2	[1, 1, 1, 1, 1, 1, 1, 2]	1.125000	1.000000	pass
EOG090X0GZZ	6	1	[1, 1, 1, 1, 2, 2, 3]	1.571429	1.000000	pass
EOG090X0H1B	6	2	[1, 1, 1, 1, 1, 1, 1, 1]	1.000000	1.000000	pass
EOG090X0H59	6	2	[1, 1, 1, 1, 1, 1, 2, 3]	1.375000	1.000000	pass
EOG090X0H7H	6	2	[1, 1, 1, 1, 1, 1, 1, 1]	1.000000	1.000000	pass
EOG090X0H7R	6	2	[1, 1, 1, 1, 1, 1, 2, 2]	1.250000	1.000000	pass
EOG090X0H7V	6	2	[1, 1, 1, 1, 1, 2, 2, 3]	1.500000	1.000000	pass
EOG090X0H8I	6	2	[1, 1, 1, 1, 1, 1, 2, 3]	1.375000	1.000000	pass
EOG090X0H8R	6	2	[1, 1, 1, 1, 1, 1, 2, 2]	1.250000	1.000000	pass
EOG090X0H9C	6	2	[1, 1, 1, 1, 1, 1, 1, 2]	1.125000	1.000000	pass
EOG090X0H9E	6	2	[1, 1, 1, 1, 1, 2, 2, 3]	1.500000	1.000000	pass
EOG090X0HAI	6	2	[1, 1, 1, 1, 1, 2, 2, 2]	1.375000	1.000000	pass
EOG090X0HBC	6	2	[1, 1, 1, 1, 1, 1, 2, 2]	1.250000	1.000000	pass
EOG090X0HC4	6	2	[1, 1, 1, 2, 2, 2, 2, 3]	1.750000	2.000000	pass
EOG090X0HED	6	2	[1, 1, 1, 1, 1, 1, 1, 3]	1.250000	1.000000	pass
EOG090X0HEX	6	1	[1, 1, 1, 1, 2, 2, 2]	1.428571	1.000000	pass
EOG090X0HIM	6	2	[1, 1, 1, 1, 2, 3, 3, 3]	1.875000	1.500000	pass
EOG090X0HIV	6	2	[1, 1, 1, 1, 2, 2, 2, 2]	1.500000	1.500000	pass
EOG090X0HJH	6	0	[1, 1, 1, 2, 2, 3]	1.666667	1.500000	fail (count)
EOG090X0HLA	6	2	[1, 1, 1, 1, 1, 1, 2, 3]	1.375000	1.000000	pass
EOG090X0HLW	6	1	[1, 1, 1, 1, 1, 1, 3]	1.285714	1.000000	pass
EOG090X0HN8	6	2	[1, 1, 1, 1, 1, 2, 2, 3]	1.500000	1.000000	pass
EOG090X0HOM	6	2	[1, 1, 1, 1, 2, 2, 2, 2]	1.500000	1.500000	pass
EOG090X0HQJ	6	1	[1, 1, 1, 1, 1, 1, 1]	1.000000	1.000000	pass
EOG090X0HR1	5	2	[1, 1, 1, 3, 3, 3, 3]	2.142857	3.000000	fail (average) (median)
EOG090X0HRG	6	2	[1, 1, 1, 1, 1, 1, 1, 1]	1.000000	1.000000	pass
EOG090X0HTB	6	1	[1, 1, 1, 1, 2, 3, 3]	1.714286	1.000000	pass
EOG090X0HTT	6	1	[1, 1, 1, 1, 1, 1, 2]	1.142857	1.000000	pass
EOG090X0HU3	6	2	[1, 1, 1, 1, 1, 1, 2, 2]	1.250000	1.000000	pass
EOG090X0HUX	6	2	[1, 1, 1, 1, 2, 2, 2, 2]	1.500000	1.500000	pass
EOG090X0HV5	6	2	[1, 1, 1, 1, 1, 1, 1, 2]	1.125000	1.000000	pass
EOG090X0HZC	6	2	[1, 1, 1, 1, 1, 1, 3, 3]	1.500000	1.000000	pass
EOG090X0I05	6	2	[1, 1, 1, 1, 1, 1, 1, 1]	1.000000	1.000000	pass
EOG090X0I21	6	2	[1, 1, 1, 1, 1, 2, 2, 2]	1.375000	1.000000	pass
EOG090X0I2F	6	1	[1, 1, 1, 1, 1, 1, 2]	1.142857	1.000000	pass
EOG090X0I48	6	2	[1, 1, 1, 1, 1, 1, 1, 2]	1.125000	1.000000	pass
EOG090X0I63	6	2	[1, 1, 1, 1, 1, 1, 1, 1]	1.000000	1.000000	pass
EOG090X0I6M	6	2	[1, 1, 1, 1, 1, 1, 1, 2]	1.125000	1.000000	pass
EOG090X0I8J	6	2	[1, 1, 1, 1, 1, 1, 1, 3]	1.250000	1.000000	pass
EOG090X0IBZ	6	2	[1, 1, 1, 1, 1, 2, 3, 3]	1.625000	1.000000	pass
EOG090X0IC1	5	2	[1, 1, 1, 2, 2, 3, 3]	1.857143	2.000000	pass
EOG090X0ICP	5	0	[1, 1, 1, 1, 2]	1.200000	1.000000	fail (count)
EOG090X0IGL	6	2	[1, 1, 1, 1, 1, 2, 2, 2]	1.375000	1.000000	pass
EOG090X0IGM	6	2	[1, 1, 1, 1, 1, 1, 2, 2]	1.250000	1.000000	pass
EOG090X0IJO	6	2	[1, 1, 1, 1, 1, 1, 2, 2]	1.250000	1.000000	pass
EOG090X0IKC	6	1	[1, 1, 1, 1, 1, 3, 3]	1.571429	1.000000	pass
EOG090X0IKQ	6	2	[1, 1, 1, 1, 1, 1, 1, 2]	1.125000	1.000000	pass
EOG090X0IKX	6	2	[1, 1, 1, 1, 2, 2, 2, 2]	1.500000	1.500000	pass
EOG090X0ILG	6	2	[1, 1, 2, 2, 2, 2, 3, 3]	2.000000	2.000000	pass
EOG090X0IQO	5	2	[1, 1, 1, 1, 1, 1, 3]	1.285714	1.000000	pass
EOG090X0IRH	6	2	[1, 1, 1, 1, 1, 1, 1, 2]	1.125000	1.000000	pass
EOG090X0IRX	6	2	[1, 1, 1, 1, 1, 2, 2, 2]	1.375000	1.000000	pass
EOG090X0IS7	6	2	[1, 1, 1, 1, 1, 1, 1, 1]	1.000000	1.000000	pass
EOG090X0IT3	6	2	[1, 1, 1, 1, 1, 1, 1, 2]	1.125000	1.000000	pass
EOG090X0IT6	6	2	[1, 1, 1, 1, 2, 2, 3, 3]	1.750000	1.500000	pass
EOG090X0IUZ	6	2	[1, 1, 1, 1, 1, 1, 1, 1]	1.000000	1.000000	pass
EOG090X0IV9	6	2	[1, 1, 1, 1, 1, 2, 2, 3]	1.500000	1.000000	pass
EOG090X0IZN	6	2	[1, 1, 1, 1, 2, 2, 2, 2]	1.500000	1.500000	pass
EOG090X0IZW	5	2	[1, 1, 1, 1, 1, 1, 2]	1.142857	1.000000	pass
EOG090X0J0D	6	2	[1, 1, 1, 1, 1, 1, 1, 3]	1.250000	1.000000	pass
EOG090X0J5E	6	2	[1, 1, 1, 1, 1, 2, 2, 3]	1.500000	1.000000	pass
EOG090X0J63	6	2	[1, 1, 1, 1, 2, 2, 2, 2]	1.500000	1.500000	pass
EOG090X0J7Y	6	2	[1, 1, 1, 2, 2, 3, 3, 3]	2.000000	2.000000	pass
EOG090X0J86	6	2	[1, 1, 1, 1, 1, 1, 2, 2]	1.250000	1.000000	pass
EOG090X0J87	6	2	[1, 1, 1, 1, 1, 1, 1, 1]	1.000000	1.000000	pass
EOG090X0J8E	5	2	[1, 1, 1, 1, 2, 2, 3]	1.571429	1.000000	pass
EOG090X0J9J	6	2	[1, 1, 1, 1, 1, 2, 3, 3]	1.625000	1.000000	pass
EOG090X0JAK	6	2	[1, 1, 1, 2, 2, 2, 3, 3]	1.875000	2.000000	pass
EOG090X0JBP	6	2	[1, 1, 1, 1, 1, 2, 2, 3]	1.500000	1.000000	pass
EOG090X0JCO	6	2	[1, 1, 1, 1, 1, 1, 2, 2]	1.250000	1.000000	pass
EOG090X0JDB	6	2	[1, 1, 1, 1, 1, 1, 1, 1]	1.000000	1.000000	pass
EOG090X0JFZ	6	2	[1, 1, 1, 1, 1, 2, 2, 2]	1.375000	1.000000	pass
EOG090X0JHM	6	2	[1, 1, 1, 1, 1, 2, 2, 2]	1.375000	1.000000	pass
EOG090X0JK2	6	2	[1, 1, 1, 1, 1, 1, 1, 2]	1.125000	1.000000	pass
EOG090X0JNN	5	2	[1, 1, 1, 1, 2, 2, 3]	1.571429	1.000000	pass
EOG090X0JP1	6	2	[1, 1, 1, 1, 1, 1, 1, 3]	1.250000	1.000000	pass
EOG090X0JQT	6	2	[1, 1, 2, 2, 2, 3, 3, 3]	2.125000	2.000000	fail (average)
EOG090X0JRW	6	2	[1, 1, 1, 1, 1, 1, 1, 1]	1.000000	1.000000	pass
EOG090X0JRY	2	2	[1, 1, 1, 3]	1.500000	1.000000	fail (count)
EOG090X0JV9	6	2	[1, 1, 1, 1, 1, 1, 1, 2]	1.125000	1.000000	pass
EOG090X0JX7	5	2	[1, 1, 1, 1, 1, 2, 2]	1.285714	1.000000	pass
EOG090X0JXG	6	2	[1, 1, 1, 1, 1, 2, 2, 2]	1.375000	1.000000	pass
EOG090X0JXJ	6	2	[1, 1, 1, 1, 1, 2, 2, 3]	1.500000	1.000000	pass
EOG090X0JXR	6	2	[1, 1, 1, 1, 1, 1, 1, 2]	1.125000	1.000000	pass
EOG090X0K3A	5	1	[1, 1, 1, 1, 2, 2]	1.333333	1.000000	pass
EOG090X0K4K	6	2	[1, 1, 1, 1, 1, 1, 3, 3]	1.500000	1.000000	pass
EOG090X0K55	6	2	[1, 1, 1, 1, 1, 1, 2, 3]	1.375000	1.000000	pass
EOG090X0K7I	6	2	[1, 1, 1, 2, 2, 2, 3, 3]	1.875000	2.000000	pass
EOG090X0KAD	5	2	[1, 1, 1, 1, 1, 1, 1]	1.000000	1.000000	pass
EOG090X0KAT	5	2	[1, 1, 1, 1, 1, 2, 3]	1.428571	1.000000	pass
EOG090X0KMN	5	0	[1, 1, 2, 2, 3]	1.800000	2.000000	fail (count)
EOG090X0KOU	6	2	[1, 1, 1, 1, 2, 2, 3, 3]	1.750000	1.500000	pass
EOG090X0KP6	6	2	[1, 1, 1, 1, 2, 2, 2, 3]	1.625000	1.500000	pass
EOG090X0KPP	6	2	[1, 1, 1, 1, 1, 1, 2, 2]	1.250000	1.000000	pass
EOG090X0KVN	6	1	[1, 1, 1, 1, 2, 2, 3]	1.571429	1.000000	pass
EOG090X0KWJ	6	1	[1, 1, 1, 1, 1, 2, 3]	1.428571	1.000000	pass
EOG090X0KYU	6	2	[1, 1, 1, 1, 1, 1, 1, 1]	1.000000	1.000000	pass
EOG090X0KZ2	6	2	[1, 1, 1, 1, 2, 2, 3, 3]	1.750000	1.500000	pass
EOG090X0L4K	6	2	[1, 1, 1, 1, 1, 2, 2, 2]	1.375000	1.000000	pass
EOG090X0L7F	6	2	[1, 1, 1, 1, 1, 1, 1, 1]	1.000000	1.000000	pass
EOG090X0L97	6	2	[1, 1, 1, 2, 2, 2, 3, 3]	1.875000	2.000000	pass
EOG090X0LBP	6	2	[1, 1, 1, 1, 1, 1, 2, 2]	1.250000	1.000000	pass
EOG090X0LFN	6	2	[1, 1, 1, 1, 2, 3, 3, 3]	1.875000	1.500000	pass
EOG090X0LFT	6	2	[1, 1, 1, 1, 1, 2, 2, 2]	1.375000	1.000000	pass
EOG090X0LJK	6	2	[1, 1, 2, 2, 3, 3, 3, 3]	2.250000	2.500000	fail (average) (median)
EOG090X0LK7	6	2	[1, 1, 1, 1, 2, 2, 2, 3]	1.625000	1.500000	pass
EOG090X0LKA	6	2	[1, 1, 1, 1, 1, 1, 2, 2]	1.250000	1.000000	pass
EOG090X0LQS	6	1	[1, 1, 1, 1, 2, 2, 3]	1.571429	1.000000	pass
EOG090X0LR8	6	2	[1, 1, 1, 1, 1, 1, 1, 2]	1.125000	1.000000	pass
EOG090X0LTN	6	2	[1, 1, 1, 1, 1, 2, 2, 2]	1.375000	1.000000	pass
EOG090X0LTV	6	2	[1, 1, 1, 1, 1, 1, 2, 3]	1.375000	1.000000	pass
EOG090X0LUS	6	2	[1, 1, 1, 1, 1, 2, 2, 3]	1.500000	1.000000	pass
EOG090X0LXA	6	2	[1, 1, 1, 1, 1, 1, 1, 3]	1.250000	1.000000	pass
EOG090X0LYT	6	1	[1, 1, 1, 1, 1, 1, 2]	1.142857	1.000000	pass
EOG090X0LZH	6	2	[1, 1, 1, 1, 1, 1, 1, 1]	1.000000	1.000000	pass
EOG090X0M0J	6	2	[1, 1, 1, 1, 1, 2, 2, 3]	1.500000	1.000000	pass
EOG090X0M4M	6	2	[1, 1, 1, 2, 2, 3, 3, 3]	2.000000	2.000000	pass
EOG090X0M8U	6	2	[1, 1, 1, 1, 2, 2, 2, 3]	1.625000	1.500000	pass
EOG090X0MJU	6	2	[1, 1, 1, 1, 1, 1, 1, 3]	1.250000	1.000000	pass
EOG090X0MNC	6	2	[1, 1, 1, 1, 1, 1, 2, 2]	1.250000	1.000000	pass
EOG090X0MNL	6	1	[1, 1, 1, 1, 2, 3, 3]	1.714286	1.000000	pass
EOG090X0MNX	5	2	[1, 1, 1, 1, 1, 1, 3]	1.285714	1.000000	pass
EOG090X0MQF	6	2	[1, 1, 1, 1, 1, 1, 1, 1]	1.000000	1.000000	pass
EOG090X0MSH	6	2	[1, 1, 1, 1, 1, 1, 2, 2]	1.250000	1.000000	pass
EOG090X0MTI	6	2	[1, 1, 1, 1, 1, 1, 2, 2]	1.250000	1.000000	pass
EOG090X0MUO	6	2	[1, 1, 1, 1, 1, 1, 2, 3]	1.375000	1.000000	pass
EOG090X0MWD	6	2	[1, 1, 1, 1, 1, 1, 1, 2]	1.125000	1.000000	pass
EOG090X0MX9	5	2	[1, 1, 1, 2, 2, 2, 3]	1.714286	2.000000	pass
EOG090X0N2I	6	2	[1, 1, 1, 1, 2, 2, 2, 3]	1.625000	1.500000	pass
EOG090X0N7H	6	2	[1, 1, 1, 1, 1, 1, 2, 2]	1.250000	1.000000	pass
EOG090X0N9E	6	2	[1, 1, 1, 1, 1, 1, 1, 1]	1.000000	1.000000	pass
EOG090X0NBB	6	2	[1, 1, 1, 1, 1, 2, 2, 3]	1.500000	1.000000	pass
EOG090X0NBY	6	2	[1, 1, 1, 1, 1, 2, 3, 3]	1.625000	1.000000	pass
EOG090X0NFO	6	2	[1, 1, 1, 1, 1, 1, 2, 3]	1.375000	1.000000	pass
EOG090X0NKK	4	2	[1, 1, 1, 1, 1, 1]	1.000000	1.000000	fail (count)
EOG090X0NLM	6	2	[1, 1, 1, 1, 1, 2, 2, 2]	1.375000	1.000000	pass
EOG090X0NTN	6	2	[1, 1, 1, 1, 1, 2, 3, 3]	1.625000	1.000000	pass
EOG090X0NTZ	6	2	[1, 1, 1, 1, 1, 1, 1, 1]	1.000000	1.000000	pass
EOG090X0NUB	6	1	[1, 1, 1, 2, 2, 3, 3]	1.857143	2.000000	pass
EOG090X0NWO	6	2	[1, 1, 1, 1, 1, 1, 1, 2]	1.125000	1.000000	pass
EOG090X0NXS	6	2	[1, 1, 1, 1, 2, 2, 2, 2]	1.500000	1.500000	pass
EOG090X0O2L	5	2	[1, 1, 1, 1, 1, 2, 3]	1.428571	1.000000	pass
EOG090X0O3H	6	2	[1, 1, 1, 1, 1, 1, 2, 3]	1.375000	1.000000	pass
EOG090X0O5J	4	2	[1, 1, 1, 1, 1, 2]	1.166667	1.000000	fail (count)
EOG090X0OE5	6	2	[1, 1, 1, 1, 1, 2, 2, 3]	1.500000	1.000000	pass
EOG090X0ON0	6	2	[1, 1, 1, 1, 1, 1, 1, 2]	1.125000	1.000000	pass
EOG090X0OQM	6	2	[1, 1, 1, 1, 1, 1, 1, 1]	1.000000	1.000000	pass
EOG090X0OQY	6	2	[1, 1, 1, 1, 1, 2, 2, 2]	1.375000	1.000000	pass
EOG090X0OUK	6	2	[1, 1, 1, 1, 1, 1, 1, 1]	1.000000	1.000000	pass
EOG090X0OWT	6	2	[1, 1, 1, 1, 1, 1, 1, 3]	1.250000	1.000000	pass
EOG090X0OY9	6	2	[1, 1, 1, 1, 2, 2, 3, 3]	1.750000	1.500000	pass
EOG090X0P1V	6	2	[1, 1, 1, 1, 1, 1, 1, 2]	1.125000	1.000000	pass
EOG090X0P2R	6	1	[1, 1, 1, 1, 2, 2, 3]	1.571429	1.000000	pass
EOG090X0PCK	6	2	[1, 1, 1, 1, 1, 1, 1, 2]	1.125000	1.000000	pass
EOG090X0POW	6	2	[1, 1, 1, 1, 1, 2, 3, 3]	1.625000	1.000000	pass
EOG090X0Q7B	6	2	[1, 1, 1, 1, 1, 2, 2, 2]	1.375000	1.000000	pass
EOG090X0QLW	6	0	[1, 2, 2, 2, 3, 3]	2.166667	2.000000	fail (count)
EOG090X0RAK	6	2	[1, 1, 1, 1, 2, 2, 2, 3]	1.625000	1.500000	pass
EOG090X0RU6	6	0	[1, 2, 2, 2, 3, 3]	2.166667	2.000000	fail (count)
EOG090X0TJE	4	1	[1, 1, 1, 1, 2]	1.200000	1.000000	fail (count)
EOG090X0508	5	2	[1, 1, 1, 1, 1, 1, 2]	1.142857	1.000000	pass
EOG090X05S8	1	1	[1, 1]	1.000000	1.000000	fail (count)
EOG090X06H8	4	0	[1, 1, 2, 2]	1.500000	1.500000	fail (count)
EOG090X085S	3	0	[2, 2, 3]	2.333333	2.000000	fail (count)
EOG090X09ZG	4	2	[1, 1, 1, 1, 2, 3]	1.500000	1.000000	fail (count)
EOG090X0BIL	5	2	[1, 1, 1, 1, 1, 1, 3]	1.285714	1.000000	pass
EOG090X0DPX	5	2	[1, 1, 1, 1, 1, 2, 2]	1.285714	1.000000	pass
EOG090X0GMQ	1	0	[2]	2.000000	2.000000	fail (count)
EOG090X0HB3	4	0	[1, 1, 1, 1]	1.000000	1.000000	fail (count)
EOG090X0I3Y	5	2	[1, 1, 1, 1, 1, 1, 2]	1.142857	1.000000	pass
EOG090X002Z	1	0	[1]	1.000000	1.000000	fail (count)
EOG090X04IO	1	0	[1]	1.000000	1.000000	fail (count)
# Evaluated 1043 BUSCOs - 940 (90.12 %) passed
